NAME,total_occupied,owner_occupied,renter_occupied,state,county,tract,owner_share
"Census Tract 301.03, Cobb County, Georgia",3205.0,2594.0,611.0,13,067,030103,0.8093603744149765
"Census Tract 303.10, Cobb County, Georgia",2731.0,2015.0,716.0,13,067,030310,0.737824972537532
"Census Tract 303.20, Cobb County, Georgia",3476.0,2269.0,1207.0,13,067,030320,0.6527617951668585
"Census Tract 303.27, Cobb County, Georgia",1679.0,1533.0,146.0,13,067,030327,0.9130434782608695
"Census Tract 303.14, Cobb County, Georgia",2607.0,2296.0,311.0,13,067,030314,0.8807057920981972
"Census Tract 303.39, Cobb County, Georgia",3485.0,476.0,3009.0,13,067,030339,0.13658536585365855
"Census Tract 313.07, Cobb County, Georgia",2300.0,1890.0,410.0,13,067,031307,0.8217391304347826
"Census Tract 303.12, Cobb County, Georgia",2504.0,2060.0,444.0,13,067,030312,0.8226837060702875
"Census Tract 310.05, Cobb County, Georgia",1637.0,1221.0,416.0,13,067,031005,0.7458766035430666
"Census Tract 303.30, Cobb County, Georgia",2018.0,1886.0,132.0,13,067,030330,0.9345887016848364
"Census Tract 307, Cobb County, Georgia",1885.0,748.0,1137.0,13,067,030700,0.396816976127321
"Census Tract 303.35, Cobb County, Georgia",1740.0,1625.0,115.0,13,067,030335,0.9339080459770115
"Census Tract 312.09, Cobb County, Georgia",1823.0,1603.0,220.0,13,067,031209,0.8793198025233132
"Census Tract 312.11, Cobb County, Georgia",2523.0,766.0,1757.0,13,067,031211,0.3036068172810147
"Census Tract 312.12, Cobb County, Georgia",1012.0,967.0,45.0,13,067,031212,0.9555335968379447
"Census Tract 313.12, Cobb County, Georgia",3734.0,2959.0,775.0,13,067,031312,0.7924477771826459
"Census Tract 313.13, Cobb County, Georgia",4087.0,3277.0,810.0,13,067,031313,0.8018106190359677
"Census Tract 314.08, Cobb County, Georgia",2461.0,1514.0,947.0,13,067,031408,0.6151970743600162
"Census Tract 314.09, Cobb County, Georgia",2313.0,1670.0,643.0,13,067,031409,0.7220060527453523
"Census Tract 315.06, Cobb County, Georgia",1986.0,1471.0,515.0,13,067,031506,0.7406847935548841
"Census Tract 315.07, Cobb County, Georgia",1139.0,853.0,286.0,13,067,031507,0.7489025460930641
"Census Tract 315.08, Cobb County, Georgia",2128.0,1805.0,323.0,13,067,031508,0.8482142857142857
"Census Tract 315.09, Cobb County, Georgia",3581.0,2980.0,601.0,13,067,031509,0.8321697849762636
"Census Tract 303.32, Cobb County, Georgia",1118.0,1008.0,110.0,13,067,030332,0.9016100178890877
"Census Tract 303.36, Cobb County, Georgia",2391.0,2337.0,54.0,13,067,030336,0.9774153074027604
"Census Tract 304.05, Cobb County, Georgia",2961.0,973.0,1988.0,13,067,030405,0.32860520094562645
"Census Tract 305.04, Cobb County, Georgia",2390.0,1674.0,716.0,13,067,030504,0.700418410041841
"Census Tract 309.02, Cobb County, Georgia",2314.0,1150.0,1164.0,13,067,030902,0.4969749351771824
"Census Tract 311.01, Cobb County, Georgia",2107.0,888.0,1219.0,13,067,031101,0.42145230185097293
"Census Tract 311.10, Cobb County, Georgia",1368.0,858.0,510.0,13,067,031110,0.6271929824561403
"Census Tract 313.06, Cobb County, Georgia",1548.0,936.0,612.0,13,067,031306,0.6046511627906976
"Census Tract 314.05, Cobb County, Georgia",3067.0,2157.0,910.0,13,067,031405,0.7032931203130095
"Census Tract 302.09, Cobb County, Georgia",2588.0,2364.0,224.0,13,067,030209,0.9134466769706336
"Census Tract 303.28, Cobb County, Georgia",2380.0,2203.0,177.0,13,067,030328,0.9256302521008404
"Census Tract 309.05, Cobb County, Georgia",2153.0,1643.0,510.0,13,067,030905,0.7631212261960055
"Census Tract 310.01, Cobb County, Georgia",1887.0,460.0,1427.0,13,067,031001,0.24377318494965552
"Census Tract 311.12, Cobb County, Georgia",2378.0,1686.0,692.0,13,067,031112,0.7089991589571069
"Census Tract 315.03, Cobb County, Georgia",3257.0,2542.0,715.0,13,067,031503,0.7804728277556033
"Census Tract 303.11, Cobb County, Georgia",2171.0,1952.0,219.0,13,067,030311,0.8991248272685398
"Census Tract 303.26, Cobb County, Georgia",1449.0,1373.0,76.0,13,067,030326,0.9475500345065563
"Census Tract 305.02, Cobb County, Georgia",2646.0,2153.0,493.0,13,067,030502,0.8136810279667422
"Census Tract 305.05, Cobb County, Georgia",3012.0,573.0,2439.0,13,067,030505,0.1902390438247012
"Census Tract 308, Cobb County, Georgia",1510.0,557.0,953.0,13,067,030800,0.36887417218543045
"Census Tract 310.04, Cobb County, Georgia",3001.0,943.0,2058.0,13,067,031004,0.31422859046984336
"Census Tract 311.06, Cobb County, Georgia",3171.0,2364.0,807.0,13,067,031106,0.7455061494796594
"Census Tract 311.08, Cobb County, Georgia",2637.0,1246.0,1391.0,13,067,031108,0.4725066363291619
"Census Tract 313.08, Cobb County, Georgia",1827.0,983.0,844.0,13,067,031308,0.5380405035577449
"Census Tract 313.09, Cobb County, Georgia",2430.0,1740.0,690.0,13,067,031309,0.7160493827160493
"Census Tract 313.10, Cobb County, Georgia",2706.0,743.0,1963.0,13,067,031310,0.2745750184774575
"Census Tract 302.28, Cobb County, Georgia",3488.0,1137.0,2351.0,13,067,030228,0.3259747706422018
"Census Tract 302.30, Cobb County, Georgia",5181.0,2908.0,2273.0,13,067,030230,0.5612816058675931
"Census Tract 302.32, Cobb County, Georgia",2161.0,2038.0,123.0,13,067,030232,0.9430819065247571
"Census Tract 302.33, Cobb County, Georgia",1565.0,1443.0,122.0,13,067,030233,0.9220447284345048
"Census Tract 302.34, Cobb County, Georgia",2147.0,2068.0,79.0,13,067,030234,0.9632044713553796
"Census Tract 302.35, Cobb County, Georgia",1653.0,1606.0,47.0,13,067,030235,0.9715668481548699
"Census Tract 302.36, Cobb County, Georgia",1474.0,1383.0,91.0,13,067,030236,0.9382632293080054
"Census Tract 302.38, Cobb County, Georgia",2047.0,1877.0,170.0,13,067,030238,0.9169516365412799
"Census Tract 302.39, Cobb County, Georgia",2612.0,2469.0,143.0,13,067,030239,0.9452526799387443
"Census Tract 303.40, Cobb County, Georgia",1246.0,1219.0,27.0,13,067,030340,0.978330658105939
"Census Tract 303.41, Cobb County, Georgia",1544.0,1419.0,125.0,13,067,030341,0.9190414507772021
"Census Tract 303.42, Cobb County, Georgia",1686.0,1582.0,104.0,13,067,030342,0.9383155397390273
"Census Tract 303.43, Cobb County, Georgia",1536.0,1490.0,46.0,13,067,030343,0.9700520833333334
"Census Tract 303.44, Cobb County, Georgia",2006.0,237.0,1769.0,13,067,030344,0.11814556331006978
"Census Tract 303.45, Cobb County, Georgia",2770.0,470.0,2300.0,13,067,030345,0.16967509025270758
"Census Tract 304.07, Cobb County, Georgia",1968.0,1391.0,577.0,13,067,030407,0.7068089430894309
"Census Tract 304.08, Cobb County, Georgia",1343.0,830.0,513.0,13,067,030408,0.6180193596425912
"Census Tract 304.09, Cobb County, Georgia",1195.0,1154.0,41.0,13,067,030409,0.9656903765690377
"Census Tract 304.10, Cobb County, Georgia",2112.0,980.0,1132.0,13,067,030410,0.4640151515151515
"Census Tract 304.11, Cobb County, Georgia",870.0,135.0,735.0,13,067,030411,0.15517241379310345
"Census Tract 304.12, Cobb County, Georgia",1935.0,298.0,1637.0,13,067,030412,0.15400516795865632
"Census Tract 304.13, Cobb County, Georgia",2545.0,329.0,2216.0,13,067,030413,0.1292730844793713
"Census Tract 304.14, Cobb County, Georgia",1461.0,0.0,1461.0,13,067,030414,0.0
"Census Tract 305.06, Cobb County, Georgia",1879.0,874.0,1005.0,13,067,030506,0.4651410324640766
"Census Tract 305.07, Cobb County, Georgia",1942.0,1674.0,268.0,13,067,030507,0.8619979402677652
"Census Tract 306.01, Cobb County, Georgia",4499.0,1215.0,3284.0,13,067,030601,0.270060013336297
"Census Tract 306.02, Cobb County, Georgia",3117.0,2021.0,1096.0,13,067,030602,0.6483798524222009
"Census Tract 311.13, Cobb County, Georgia",744.0,115.0,629.0,13,067,031113,0.15456989247311828
"Census Tract 311.14, Cobb County, Georgia",3692.0,739.0,2953.0,13,067,031114,0.20016251354279524
"Census Tract 301.04, Cobb County, Georgia",1512.0,782.0,730.0,13,067,030104,0.5171957671957672
"Census Tract 301.06, Cobb County, Georgia",2628.0,1428.0,1200.0,13,067,030106,0.54337899543379
"Census Tract 301.07, Cobb County, Georgia",1692.0,1489.0,203.0,13,067,030107,0.8800236406619385
"Census Tract 302.18, Cobb County, Georgia",1662.0,1606.0,56.0,13,067,030218,0.9663056558363418
"Census Tract 302.19, Cobb County, Georgia",3301.0,3120.0,181.0,13,067,030219,0.9451681308694335
"Census Tract 302.22, Cobb County, Georgia",2030.0,1710.0,320.0,13,067,030222,0.8423645320197044
"Census Tract 302.23, Cobb County, Georgia",2386.0,1343.0,1043.0,13,067,030223,0.5628667225481978
"Census Tract 302.20, Cobb County, Georgia",581.0,517.0,64.0,13,067,030220,0.8898450946643718
"Census Tract 302.24, Cobb County, Georgia",2317.0,1701.0,616.0,13,067,030224,0.7341389728096677
"Census Tract 302.26, Cobb County, Georgia",4034.0,2715.0,1319.0,13,067,030226,0.673029251363411
"Census Tract 302.27, Cobb County, Georgia",3098.0,1875.0,1223.0,13,067,030227,0.605229180116204
"Census Tract 302.29, Cobb County, Georgia",1353.0,591.0,762.0,13,067,030229,0.43680709534368073
"Census Tract 302.31, Cobb County, Georgia",2912.0,2748.0,164.0,13,067,030231,0.9436813186813187
"Census Tract 311.15, Cobb County, Georgia",1720.0,1173.0,547.0,13,067,031115,0.6819767441860465
"Census Tract 311.16, Cobb County, Georgia",1761.0,883.0,878.0,13,067,031116,0.501419647927314
"Census Tract 311.17, Cobb County, Georgia",2238.0,1727.0,511.0,13,067,031117,0.7716711349419124
"Census Tract 311.18, Cobb County, Georgia",2412.0,1583.0,829.0,13,067,031118,0.656301824212272
"Census Tract 312.05, Cobb County, Georgia",2865.0,1503.0,1362.0,13,067,031205,0.5246073298429319
"Census Tract 312.06, Cobb County, Georgia",5361.0,2488.0,2873.0,13,067,031206,0.46409252005222906
"Census Tract 312.07, Cobb County, Georgia",2690.0,690.0,2000.0,13,067,031207,0.25650557620817843
"Census Tract 312.08, Cobb County, Georgia",3082.0,979.0,2103.0,13,067,031208,0.31765087605451003
"Census Tract 303.29, Cobb County, Georgia",1669.0,1433.0,236.0,13,067,030329,0.8585979628520072
"Census Tract 303.37, Cobb County, Georgia",1587.0,1520.0,67.0,13,067,030337,0.9577819785759294
"Census Tract 309.01, Cobb County, Georgia",3261.0,2129.0,1132.0,13,067,030901,0.6528672186445875
"Census Tract 311.11, Cobb County, Georgia",1959.0,1354.0,605.0,13,067,031111,0.6911689637570189
"Census Tract 315.05, Cobb County, Georgia",2244.0,1657.0,587.0,13,067,031505,0.7384135472370766
"Census Tract 302.15, Cobb County, Georgia",3189.0,2649.0,540.0,13,067,030215,0.8306679209783632
"Census Tract 303.13, Cobb County, Georgia",3019.0,2551.0,468.0,13,067,030313,0.8449817820470354
"Census Tract 303.18, Cobb County, Georgia",2776.0,2591.0,185.0,13,067,030318,0.93335734870317
"Census Tract 309.04, Cobb County, Georgia",2557.0,1066.0,1491.0,13,067,030904,0.4168947985921001
"Census Tract 310.02, Cobb County, Georgia",3279.0,881.0,2398.0,13,067,031002,0.2686794754498323
"Census Tract 313.11, Cobb County, Georgia",3527.0,1400.0,2127.0,13,067,031311,0.39693790757017294
"Census Tract 314.06, Cobb County, Georgia",3295.0,998.0,2297.0,13,067,031406,0.30288315629742035
"Census Tract 303.19, Cobb County, Georgia",1762.0,1589.0,173.0,13,067,030319,0.9018161180476731
"Census Tract 303.22, Cobb County, Georgia",1194.0,1057.0,137.0,13,067,030322,0.8852596314907872
"Census Tract 303.33, Cobb County, Georgia",2156.0,2016.0,140.0,13,067,030333,0.935064935064935
"Census Tract 314.04, Cobb County, Georgia",2164.0,1662.0,502.0,13,067,031404,0.7680221811460258
"Census Tract 301.01, Cobb County, Georgia",2746.0,2188.0,558.0,13,067,030101,0.7967953386744355
"Census Tract 302.14, Cobb County, Georgia",2950.0,2424.0,526.0,13,067,030214,0.8216949152542373
"Census Tract 303.34, Cobb County, Georgia",1258.0,1108.0,150.0,13,067,030334,0.8807631160572337
"Census Tract 303.24, Cobb County, Georgia",1225.0,1030.0,195.0,13,067,030324,0.8408163265306122
"Census Tract 303.31, Cobb County, Georgia",1983.0,1880.0,103.0,13,067,030331,0.9480584972264247
"Census Tract 211.02, DeKalb County, Georgia",3203.0,1813.0,1390.0,13,089,021102,0.5660318451451763
"Census Tract 212.16, DeKalb County, Georgia",4112.0,842.0,3270.0,13,089,021216,0.20476653696498054
"Census Tract 211.01, DeKalb County, Georgia",1468.0,1311.0,157.0,13,089,021101,0.8930517711171662
"Census Tract 212.15, DeKalb County, Georgia",2638.0,795.0,1843.0,13,089,021215,0.30136467020470054
"Census Tract 212.17, DeKalb County, Georgia",950.0,680.0,270.0,13,089,021217,0.7157894736842105
"Census Tract 212.18, DeKalb County, Georgia",3450.0,1290.0,2160.0,13,089,021218,0.3739130434782609
"Census Tract 213.05, DeKalb County, Georgia",1492.0,565.0,927.0,13,089,021305,0.37868632707774796
"Census Tract 202, DeKalb County, Georgia",983.0,571.0,412.0,13,089,020200,0.5808748728382502
"Census Tract 213.03, DeKalb County, Georgia",1695.0,682.0,1013.0,13,089,021303,0.4023598820058997
"Census Tract 214.05, DeKalb County, Georgia",2281.0,1670.0,611.0,13,089,021405,0.7321350284962735
"Census Tract 204, DeKalb County, Georgia",1245.0,841.0,404.0,13,089,020400,0.6755020080321286
"Census Tract 208.01, DeKalb County, Georgia",1046.0,831.0,215.0,13,089,020801,0.7944550669216062
"Census Tract 212.10, DeKalb County, Georgia",1987.0,1939.0,48.0,13,089,021210,0.9758429793658782
"Census Tract 212.11, DeKalb County, Georgia",2044.0,1952.0,92.0,13,089,021211,0.9549902152641878
"Census Tract 217.06, DeKalb County, Georgia",2325.0,1555.0,770.0,13,089,021706,0.6688172043010753
"Census Tract 230, DeKalb County, Georgia",973.0,668.0,305.0,13,089,023000,0.6865364850976362
"Census Tract 218.12, DeKalb County, Georgia",858.0,627.0,231.0,13,089,021812,0.7307692307692307
"Census Tract 219.07, DeKalb County, Georgia",3567.0,2329.0,1238.0,13,089,021907,0.6529296327446034
"Census Tract 223.01, DeKalb County, Georgia",3075.0,1809.0,1266.0,13,089,022301,0.5882926829268292
"Census Tract 231.01, DeKalb County, Georgia",1721.0,1031.0,690.0,13,089,023101,0.5990703079604881
"Census Tract 231.08, DeKalb County, Georgia",1843.0,685.0,1158.0,13,089,023108,0.3716766142159523
"Census Tract 218.10, DeKalb County, Georgia",2708.0,1672.0,1036.0,13,089,021810,0.6174298375184638
"Census Tract 220.08, DeKalb County, Georgia",2271.0,421.0,1850.0,13,089,022008,0.18538088947600176
"Census Tract 229, DeKalb County, Georgia",1678.0,1350.0,328.0,13,089,022900,0.8045292014302742
"Census Tract 231.02, DeKalb County, Georgia",1539.0,683.0,856.0,13,089,023102,0.4437946718648473
"Census Tract 234.10, DeKalb County, Georgia",1701.0,422.0,1279.0,13,089,023410,0.24808935920047032
"Census Tract 213.06, DeKalb County, Georgia",1941.0,619.0,1322.0,13,089,021306,0.3189077794951056
"Census Tract 213.07, DeKalb County, Georgia",1245.0,713.0,532.0,13,089,021307,0.5726907630522088
"Census Tract 213.08, DeKalb County, Georgia",1523.0,714.0,809.0,13,089,021308,0.46881155613919895
"Census Tract 214.09, DeKalb County, Georgia",1339.0,110.0,1229.0,13,089,021409,0.08215085884988797
"Census Tract 214.10, DeKalb County, Georgia",2062.0,786.0,1276.0,13,089,021410,0.38118331716779824
"Census Tract 214.11, DeKalb County, Georgia",1788.0,684.0,1104.0,13,089,021411,0.3825503355704698
"Census Tract 214.12, DeKalb County, Georgia",1405.0,1124.0,281.0,13,089,021412,0.8
"Census Tract 214.13, DeKalb County, Georgia",1246.0,221.0,1025.0,13,089,021413,0.17736757624398075
"Census Tract 214.14, DeKalb County, Georgia",1646.0,207.0,1439.0,13,089,021414,0.12575941676792224
"Census Tract 214.15, DeKalb County, Georgia",1703.0,872.0,831.0,13,089,021415,0.5120375807398708
"Census Tract 214.16, DeKalb County, Georgia",855.0,492.0,363.0,13,089,021416,0.5754385964912281
"Census Tract 214.17, DeKalb County, Georgia",2151.0,254.0,1897.0,13,089,021417,0.11808461180846118
"Census Tract 216.05, DeKalb County, Georgia",2589.0,1016.0,1573.0,13,089,021605,0.39242950946311317
"Census Tract 218.13, DeKalb County, Georgia",1180.0,6.0,1174.0,13,089,021813,0.005084745762711864
"Census Tract 218.14, DeKalb County, Georgia",2321.0,1003.0,1318.0,13,089,021814,0.43214131839724257
"Census Tract 219.11, DeKalb County, Georgia",777.0,99.0,678.0,13,089,021911,0.1274131274131274
"Census Tract 215.03, DeKalb County, Georgia",1516.0,651.0,865.0,13,089,021503,0.42941952506596304
"Census Tract 215.04, DeKalb County, Georgia",2514.0,838.0,1676.0,13,089,021504,0.3333333333333333
"Census Tract 233.15, DeKalb County, Georgia",2014.0,1803.0,211.0,13,089,023315,0.8952333664349553
"Census Tract 233.16, DeKalb County, Georgia",2932.0,2167.0,765.0,13,089,023316,0.7390859481582538
"Census Tract 234.19, DeKalb County, Georgia",3524.0,2718.0,806.0,13,089,023419,0.7712826333711691
"Census Tract 234.21, DeKalb County, Georgia",3405.0,1548.0,1857.0,13,089,023421,0.45462555066079297
"Census Tract 234.23, DeKalb County, Georgia",2693.0,1990.0,703.0,13,089,023423,0.7389528406981062
"Census Tract 234.25, DeKalb County, Georgia",1977.0,1462.0,515.0,13,089,023425,0.7395042994436014
"Census Tract 234.26, DeKalb County, Georgia",1615.0,1347.0,268.0,13,089,023426,0.8340557275541796
"Census Tract 234.27, DeKalb County, Georgia",969.0,769.0,200.0,13,089,023427,0.7936016511867905
"Census Tract 234.28, DeKalb County, Georgia",3806.0,1121.0,2685.0,13,089,023428,0.29453494482396214
"Census Tract 9800, DeKalb County, Georgia",0.0,0.0,0.0,13,089,980000,
"Census Tract 234.22, DeKalb County, Georgia",1884.0,1271.0,613.0,13,089,023422,0.6746284501061571
"Census Tract 234.24, DeKalb County, Georgia",1755.0,1368.0,387.0,13,089,023424,0.7794871794871795
"Census Tract 212.14, DeKalb County, Georgia",2181.0,2160.0,21.0,13,089,021214,0.9903713892709766
"Census Tract 212.09, DeKalb County, Georgia",3492.0,1518.0,1974.0,13,089,021209,0.43470790378006874
"Census Tract 234.18, DeKalb County, Georgia",6723.0,3396.0,3327.0,13,089,023418,0.5051316376617582
"Census Tract 233.03, DeKalb County, Georgia",2650.0,1410.0,1240.0,13,089,023303,0.5320754716981132
"Census Tract 215.02, DeKalb County, Georgia",2418.0,980.0,1438.0,13,089,021502,0.4052936311000827
"Census Tract 225, DeKalb County, Georgia",2662.0,1648.0,1014.0,13,089,022500,0.6190833959429001
"Census Tract 216.03, DeKalb County, Georgia",2511.0,1008.0,1503.0,13,089,021603,0.4014336917562724
"Census Tract 218.06, DeKalb County, Georgia",2517.0,1350.0,1167.0,13,089,021806,0.5363528009535161
"Census Tract 223.02, DeKalb County, Georgia",2052.0,1141.0,911.0,13,089,022302,0.5560428849902534
"Census Tract 224.02, DeKalb County, Georgia",1103.0,48.0,1055.0,13,089,022402,0.043517679057116954
"Census Tract 228, DeKalb County, Georgia",1308.0,1044.0,264.0,13,089,022800,0.7981651376146789
"Census Tract 232.09, DeKalb County, Georgia",1849.0,1455.0,394.0,13,089,023209,0.7869118442401298
"Census Tract 232.11, DeKalb County, Georgia",1379.0,720.0,659.0,13,089,023211,0.5221174764321972
"Census Tract 233.09, DeKalb County, Georgia",3768.0,1703.0,2065.0,13,089,023309,0.45196390658174096
"Census Tract 233.10, DeKalb County, Georgia",4101.0,884.0,3217.0,13,089,023310,0.2155571811753231
"Census Tract 234.14, DeKalb County, Georgia",2408.0,1818.0,590.0,13,089,023414,0.7549833887043189
"Census Tract 236.01, DeKalb County, Georgia",1171.0,806.0,365.0,13,089,023601,0.6883005977796754
"Census Tract 218.09, DeKalb County, Georgia",2687.0,2389.0,298.0,13,089,021809,0.8890956457015259
"Census Tract 219.06, DeKalb County, Georgia",1875.0,1103.0,772.0,13,089,021906,0.5882666666666667
"Census Tract 220.05, DeKalb County, Georgia",1751.0,560.0,1191.0,13,089,022005,0.3198172472872644
"Census Tract 226, DeKalb County, Georgia",2970.0,1611.0,1359.0,13,089,022600,0.5424242424242425
"Census Tract 231.07, DeKalb County, Georgia",1661.0,1000.0,661.0,13,089,023107,0.6020469596628537
"Census Tract 235.01, DeKalb County, Georgia",1290.0,458.0,832.0,13,089,023501,0.3550387596899225
"Census Tract 236.03, DeKalb County, Georgia",1456.0,700.0,756.0,13,089,023603,0.4807692307692308
"Census Tract 237, DeKalb County, Georgia",2451.0,959.0,1492.0,13,089,023700,0.3912688698490412
"Census Tract 238.01, DeKalb County, Georgia",1749.0,1328.0,421.0,13,089,023801,0.7592910234419669
"Census Tract 232.10, DeKalb County, Georgia",2694.0,920.0,1774.0,13,089,023210,0.3414996288047513
"Census Tract 232.13, DeKalb County, Georgia",2311.0,1077.0,1234.0,13,089,023213,0.4660320207702293
"Census Tract 232.14, DeKalb County, Georgia",2396.0,910.0,1486.0,13,089,023214,0.3797996661101836
"Census Tract 231.15, DeKalb County, Georgia",0.0,0.0,0.0,13,089,023115,
"Census Tract 233.11, DeKalb County, Georgia",1546.0,1254.0,292.0,13,089,023311,0.8111254851228978
"Census Tract 233.12, DeKalb County, Georgia",3543.0,2573.0,970.0,13,089,023312,0.7262207169065763
"Census Tract 233.13, DeKalb County, Georgia",1647.0,1197.0,450.0,13,089,023313,0.726775956284153
"Census Tract 233.14, DeKalb County, Georgia",2214.0,1425.0,789.0,13,089,023314,0.6436314363143631
"Census Tract 208.02, DeKalb County, Georgia",1736.0,1124.0,612.0,13,089,020802,0.6474654377880185
"Census Tract 217.03, DeKalb County, Georgia",1764.0,1625.0,139.0,13,089,021703,0.921201814058957
"Census Tract 218.08, DeKalb County, Georgia",1634.0,1135.0,499.0,13,089,021808,0.6946144430844553
"Census Tract 219.08, DeKalb County, Georgia",2022.0,682.0,1340.0,13,089,021908,0.33728981206726016
"Census Tract 219.09, DeKalb County, Georgia",2694.0,847.0,1847.0,13,089,021909,0.31440237564959167
"Census Tract 212.02, DeKalb County, Georgia",3355.0,2531.0,824.0,13,089,021202,0.7543964232488822
"Census Tract 235.05, DeKalb County, Georgia",1093.0,700.0,393.0,13,089,023505,0.6404391582799634
"Census Tract 224.03, DeKalb County, Georgia",1450.0,1295.0,155.0,13,089,022403,0.8931034482758621
"Census Tract 235.07, DeKalb County, Georgia",1522.0,982.0,540.0,13,089,023507,0.6452036793692509
"Census Tract 238.03, DeKalb County, Georgia",2035.0,1353.0,682.0,13,089,023803,0.6648648648648648
"Census Tract 203, DeKalb County, Georgia",1675.0,1264.0,411.0,13,089,020300,0.7546268656716418
"Census Tract 206, DeKalb County, Georgia",963.0,454.0,509.0,13,089,020600,0.4714434060228453
"Census Tract 216.04, DeKalb County, Georgia",1261.0,1144.0,117.0,13,089,021604,0.9072164948453608
"Census Tract 219.10, DeKalb County, Georgia",2199.0,1154.0,1045.0,13,089,021910,0.5247839927239655
"Census Tract 219.12, DeKalb County, Georgia",1447.0,1402.0,45.0,13,089,021912,0.9689011748445059
"Census Tract 219.13, DeKalb County, Georgia",1977.0,93.0,1884.0,13,089,021913,0.04704097116843703
"Census Tract 220.09, DeKalb County, Georgia",1831.0,169.0,1662.0,13,089,022009,0.0922992900054615
"Census Tract 220.10, DeKalb County, Georgia",652.0,405.0,247.0,13,089,022010,0.6211656441717791
"Census Tract 222.03, DeKalb County, Georgia",1170.0,235.0,935.0,13,089,022203,0.20085470085470086
"Census Tract 222.04, DeKalb County, Georgia",2809.0,1013.0,1796.0,13,089,022204,0.36062655749377004
"Census Tract 231.11, DeKalb County, Georgia",675.0,475.0,200.0,13,089,023111,0.7037037037037037
"Census Tract 231.12, DeKalb County, Georgia",2072.0,199.0,1873.0,13,089,023112,0.09604247104247104
"Census Tract 231.13, DeKalb County, Georgia",1273.0,454.0,819.0,13,089,023113,0.3566378633150039
"Census Tract 231.14, DeKalb County, Georgia",840.0,601.0,239.0,13,089,023114,0.7154761904761905
"Census Tract 216.02, DeKalb County, Georgia",1858.0,1308.0,550.0,13,089,021602,0.7039827771797632
"Census Tract 217.04, DeKalb County, Georgia",2245.0,1724.0,521.0,13,089,021704,0.7679287305122494
"Census Tract 217.05, DeKalb County, Georgia",2117.0,894.0,1223.0,13,089,021705,0.4222957014643363
"Census Tract 220.01, DeKalb County, Georgia",1968.0,1251.0,717.0,13,089,022001,0.635670731707317
"Census Tract 220.07, DeKalb County, Georgia",1104.0,64.0,1040.0,13,089,022007,0.057971014492753624
"Census Tract 224.01, DeKalb County, Georgia",1847.0,1163.0,684.0,13,089,022401,0.6296697347049269
"Census Tract 221, DeKalb County, Georgia",1475.0,614.0,861.0,13,089,022100,0.41627118644067795
"Census Tract 227, DeKalb County, Georgia",1730.0,1378.0,352.0,13,089,022700,0.7965317919075144
"Census Tract 232.04, DeKalb County, Georgia",2249.0,1645.0,604.0,13,089,023204,0.7314361938639395
"Census Tract 235.06, DeKalb County, Georgia",2099.0,1511.0,588.0,13,089,023506,0.7198666031443545
"Census Tract 234.12, DeKalb County, Georgia",2087.0,1668.0,419.0,13,089,023412,0.7992333493052228
"Census Tract 234.16, DeKalb County, Georgia",2452.0,1450.0,1002.0,13,089,023416,0.5913539967373572
"Census Tract 205, DeKalb County, Georgia",1513.0,817.0,696.0,13,089,020500,0.5399867812293456
"Census Tract 209, DeKalb County, Georgia",2742.0,1849.0,893.0,13,089,020900,0.674325309992706
"Census Tract 207, DeKalb County, Georgia",1058.0,717.0,341.0,13,089,020700,0.6776937618147448
"Census Tract 212.04, DeKalb County, Georgia",780.0,0.0,780.0,13,089,021204,0.0
"Census Tract 212.13, DeKalb County, Georgia",1205.0,1186.0,19.0,13,089,021213,0.9842323651452282
"Census Tract 218.05, DeKalb County, Georgia",2605.0,1833.0,772.0,13,089,021805,0.7036468330134357
"Census Tract 220.04, DeKalb County, Georgia",1597.0,1153.0,444.0,13,089,022004,0.7219787100814026
"Census Tract 232.08, DeKalb County, Georgia",2394.0,1033.0,1361.0,13,089,023208,0.4314954051796157
"Census Tract 232.12, DeKalb County, Georgia",1369.0,902.0,467.0,13,089,023212,0.6588750913075238
"Census Tract 235.04, DeKalb County, Georgia",1304.0,503.0,801.0,13,089,023504,0.3857361963190184
"Census Tract 236.02, DeKalb County, Georgia",822.0,525.0,297.0,13,089,023602,0.6386861313868614
"Census Tract 201, DeKalb County, Georgia",737.0,550.0,187.0,13,089,020100,0.746268656716418
"Census Tract 213.01, DeKalb County, Georgia",1720.0,251.0,1469.0,13,089,021301,0.14593023255813953
"Census Tract 233.06, DeKalb County, Georgia",2502.0,2125.0,377.0,13,089,023306,0.8493205435651479
"Census Tract 232.06, DeKalb County, Georgia",2841.0,1752.0,1089.0,13,089,023206,0.6166842661034847
"Census Tract 234.11, DeKalb County, Georgia",1480.0,751.0,729.0,13,089,023411,0.5074324324324324
"Census Tract 234.13, DeKalb County, Georgia",1327.0,1139.0,188.0,13,089,023413,0.8583270535041447
"Census Tract 238.02, DeKalb County, Georgia",1356.0,509.0,847.0,13,089,023802,0.3753687315634218
"Census Tract 212.08, DeKalb County, Georgia",1942.0,1161.0,781.0,13,089,021208,0.59783728115345
"Census Tract 101.22, Fulton County, Georgia",3060.0,860.0,2200.0,13,121,010122,0.28104575163398693
"Census Tract 101.23, Fulton County, Georgia",2297.0,1229.0,1068.0,13,121,010123,0.5350457117979974
"Census Tract 102.11, Fulton County, Georgia",1119.0,864.0,255.0,13,121,010211,0.7721179624664879
"Census Tract 76.02, Fulton County, Georgia",1026.0,493.0,533.0,13,121,007602,0.48050682261208577
"Census Tract 17, Fulton County, Georgia",2645.0,597.0,2048.0,13,121,001700,0.22570888468809075
"Census Tract 78.02, Fulton County, Georgia",3759.0,2126.0,1633.0,13,121,007802,0.5655759510508114
"Census Tract 78.05, Fulton County, Georgia",1317.0,356.0,961.0,13,121,007805,0.27031131359149585
"Census Tract 97, Fulton County, Georgia",1422.0,1276.0,146.0,13,121,009700,0.8973277074542897
"Census Tract 102.06, Fulton County, Georgia",2271.0,2160.0,111.0,13,121,010206,0.9511228533685601
"Census Tract 113.03, Fulton County, Georgia",4018.0,1326.0,2692.0,13,121,011303,0.33001493280238925
"Census Tract 102.12, Fulton County, Georgia",1960.0,894.0,1066.0,13,121,010212,0.4561224489795918
"Census Tract 105.15, Fulton County, Georgia",2057.0,1385.0,672.0,13,121,010515,0.6733106465726787
"Census Tract 105.16, Fulton County, Georgia",2624.0,1754.0,870.0,13,121,010516,0.6684451219512195
"Census Tract 113.05, Fulton County, Georgia",2310.0,397.0,1913.0,13,121,011305,0.17186147186147185
"Census Tract 113.06, Fulton County, Georgia",998.0,327.0,671.0,13,121,011306,0.3276553106212425
"Census Tract 114.16, Fulton County, Georgia",2017.0,1834.0,183.0,13,121,011416,0.9092711948438275
"Census Tract 114.17, Fulton County, Georgia",2283.0,1671.0,612.0,13,121,011417,0.7319316688567674
"Census Tract 114.18, Fulton County, Georgia",2105.0,1944.0,161.0,13,121,011418,0.9235154394299288
"Census Tract 52, Fulton County, Georgia",2108.0,1467.0,641.0,13,121,005200,0.6959203036053131
"Census Tract 64, Fulton County, Georgia",384.0,119.0,265.0,13,121,006400,0.3098958333333333
"Census Tract 72, Fulton County, Georgia",690.0,265.0,425.0,13,121,007200,0.38405797101449274
"Census Tract 105.08, Fulton County, Georgia",1160.0,954.0,206.0,13,121,010508,0.8224137931034483
"Census Tract 4, Fulton County, Georgia",1019.0,663.0,356.0,13,121,000400,0.6506378802747792
"Census Tract 1, Fulton County, Georgia",2084.0,1572.0,512.0,13,121,000100,0.7543186180422264
"Census Tract 6, Fulton County, Georgia",2994.0,589.0,2405.0,13,121,000600,0.19672678690714762
"Census Tract 35, Fulton County, Georgia",714.0,246.0,468.0,13,121,003500,0.3445378151260504
"Census Tract 41, Fulton County, Georgia",741.0,412.0,329.0,13,121,004100,0.5560053981106613
"Census Tract 50, Fulton County, Georgia",1414.0,589.0,825.0,13,121,005000,0.41654879773691655
"Census Tract 55.02, Fulton County, Georgia",1235.0,260.0,975.0,13,121,005502,0.21052631578947367
"Census Tract 61, Fulton County, Georgia",1345.0,644.0,701.0,13,121,006100,0.4788104089219331
"Census Tract 63, Fulton County, Georgia",703.0,204.0,499.0,13,121,006300,0.2901849217638691
"Census Tract 75, Fulton County, Georgia",1548.0,520.0,1028.0,13,121,007500,0.3359173126614987
"Census Tract 78.07, Fulton County, Georgia",1049.0,373.0,676.0,13,121,007807,0.3555767397521449
"Census Tract 78.08, Fulton County, Georgia",1431.0,157.0,1274.0,13,121,007808,0.10971348707197764
"Census Tract 81.02, Fulton County, Georgia",2842.0,669.0,2173.0,13,121,008102,0.2353976073187896
"Census Tract 108, Fulton County, Georgia",2780.0,985.0,1795.0,13,121,010800,0.35431654676258995
"Census Tract 114.05, Fulton County, Georgia",2896.0,1501.0,1395.0,13,121,011405,0.5183011049723757
"Census Tract 114.12, Fulton County, Georgia",3686.0,2312.0,1374.0,13,121,011412,0.6272381985892567
"Census Tract 110, Fulton County, Georgia",969.0,346.0,623.0,13,121,011000,0.3570691434468524
"Census Tract 111, Fulton County, Georgia",1148.0,667.0,481.0,13,121,011100,0.5810104529616724
"Census Tract 21, Fulton County, Georgia",885.0,378.0,507.0,13,121,002100,0.4271186440677966
"Census Tract 79, Fulton County, Georgia",2364.0,1682.0,682.0,13,121,007900,0.7115059221658206
"Census Tract 112.01, Fulton County, Georgia",1459.0,509.0,950.0,13,121,011201,0.34886908841672376
"Census Tract 39, Fulton County, Georgia",756.0,241.0,515.0,13,121,003900,0.3187830687830688
"Census Tract 102.10, Fulton County, Georgia",2801.0,1701.0,1100.0,13,121,010210,0.6072831131738665
"Census Tract 85, Fulton County, Georgia",981.0,379.0,602.0,13,121,008500,0.38634046890927626
"Census Tract 89.02, Fulton County, Georgia",4392.0,1437.0,2955.0,13,121,008902,0.3271857923497268
"Census Tract 99, Fulton County, Georgia",2130.0,1509.0,621.0,13,121,009900,0.7084507042253522
"Census Tract 101.06, Fulton County, Georgia",1958.0,949.0,1009.0,13,121,010106,0.4846782431052094
"Census Tract 102.05, Fulton County, Georgia",2652.0,2052.0,600.0,13,121,010205,0.7737556561085973
"Census Tract 102.08, Fulton County, Georgia",2043.0,538.0,1505.0,13,121,010208,0.2633382280959373
"Census Tract 103.01, Fulton County, Georgia",6495.0,4416.0,2079.0,13,121,010301,0.6799076212471131
"Census Tract 105.07, Fulton County, Georgia",2416.0,1207.0,1209.0,13,121,010507,0.4995860927152318
"Census Tract 2, Fulton County, Georgia",2696.0,1941.0,755.0,13,121,000200,0.7199554896142433
"Census Tract 19, Fulton County, Georgia",1400.0,541.0,859.0,13,121,001900,0.38642857142857145
"Census Tract 29, Fulton County, Georgia",1248.0,422.0,826.0,13,121,002900,0.33814102564102566
"Census Tract 30, Fulton County, Georgia",1837.0,988.0,849.0,13,121,003000,0.537833424060969
"Census Tract 43, Fulton County, Georgia",606.0,198.0,408.0,13,121,004300,0.32673267326732675
"Census Tract 58, Fulton County, Georgia",576.0,307.0,269.0,13,121,005800,0.5329861111111112
"Census Tract 83.01, Fulton County, Georgia",883.0,368.0,515.0,13,121,008301,0.41676104190260477
"Census Tract 73, Fulton County, Georgia",2891.0,810.0,2081.0,13,121,007300,0.2801798685575925
"Census Tract 78.06, Fulton County, Georgia",2412.0,1232.0,1180.0,13,121,007806,0.5107794361525705
"Census Tract 80, Fulton County, Georgia",1941.0,1178.0,763.0,13,121,008000,0.6069036579082947
"Census Tract 84, Fulton County, Georgia",1187.0,354.0,833.0,13,121,008400,0.2982308340353833
"Census Tract 86.02, Fulton County, Georgia",602.0,151.0,451.0,13,121,008602,0.25083056478405313
"Census Tract 90, Fulton County, Georgia",2249.0,1076.0,1173.0,13,121,009000,0.4784348599377501
"Census Tract 93, Fulton County, Georgia",2517.0,1503.0,1014.0,13,121,009300,0.5971394517282479
"Census Tract 94.02, Fulton County, Georgia",2884.0,379.0,2505.0,13,121,009402,0.13141470180305131
"Census Tract 101.07, Fulton County, Georgia",742.0,721.0,21.0,13,121,010107,0.9716981132075472
"Census Tract 103.04, Fulton County, Georgia",5166.0,4484.0,682.0,13,121,010304,0.8679829655439412
"Census Tract 106.03, Fulton County, Georgia",1517.0,268.0,1249.0,13,121,010603,0.17666446934739619
"Census Tract 37, Fulton County, Georgia",164.0,0.0,164.0,13,121,003700,0.0
"Census Tract 24, Fulton County, Georgia",986.0,400.0,586.0,13,121,002400,0.4056795131845842
"Census Tract 25, Fulton County, Georgia",1050.0,178.0,872.0,13,121,002500,0.16952380952380952
"Census Tract 26, Fulton County, Georgia",584.0,66.0,518.0,13,121,002600,0.11301369863013698
"Census Tract 44, Fulton County, Georgia",1304.0,39.0,1265.0,13,121,004400,0.0299079754601227
"Census Tract 86.01, Fulton County, Georgia",1712.0,412.0,1300.0,13,121,008601,0.24065420560747663
"Census Tract 74, Fulton County, Georgia",1246.0,172.0,1074.0,13,121,007400,0.13804173354735153
"Census Tract 82.01, Fulton County, Georgia",2591.0,1065.0,1526.0,13,121,008201,0.4110382091856426
"Census Tract 82.02, Fulton County, Georgia",768.0,368.0,400.0,13,121,008202,0.4791666666666667
"Census Tract 101.08, Fulton County, Georgia",1620.0,1217.0,403.0,13,121,010108,0.7512345679012346
"Census Tract 101.10, Fulton County, Georgia",3909.0,1625.0,2284.0,13,121,010110,0.41570734203121
"Census Tract 103.03, Fulton County, Georgia",4104.0,2886.0,1218.0,13,121,010303,0.7032163742690059
"Census Tract 67, Fulton County, Georgia",1644.0,562.0,1082.0,13,121,006700,0.3418491484184915
"Census Tract 69, Fulton County, Georgia",1384.0,774.0,610.0,13,121,006900,0.5592485549132948
"Census Tract 70.02, Fulton County, Georgia",969.0,430.0,539.0,13,121,007002,0.4437564499484004
"Census Tract 71, Fulton County, Georgia",891.0,326.0,565.0,13,121,007100,0.3658810325476992
"Census Tract 83.02, Fulton County, Georgia",784.0,356.0,428.0,13,121,008302,0.45408163265306123
"Census Tract 92, Fulton County, Georgia",3820.0,1011.0,2809.0,13,121,009200,0.26465968586387434
"Census Tract 102.04, Fulton County, Georgia",1872.0,1813.0,59.0,13,121,010204,0.968482905982906
"Census Tract 102.09, Fulton County, Georgia",2842.0,732.0,2110.0,13,121,010209,0.25756509500351865
"Census Tract 104, Fulton County, Georgia",3220.0,2224.0,996.0,13,121,010400,0.6906832298136646
"Census Tract 15, Fulton County, Georgia",2405.0,879.0,1526.0,13,121,001500,0.3654885654885655
"Census Tract 23, Fulton County, Georgia",525.0,118.0,407.0,13,121,002300,0.22476190476190477
"Census Tract 114.19, Fulton County, Georgia",2427.0,2081.0,346.0,13,121,011419,0.857437165224557
"Census Tract 114.20, Fulton County, Georgia",2319.0,414.0,1905.0,13,121,011420,0.17852522639068563
"Census Tract 114.21, Fulton County, Georgia",1616.0,412.0,1204.0,13,121,011421,0.25495049504950495
"Census Tract 114.22, Fulton County, Georgia",1602.0,1055.0,547.0,13,121,011422,0.6585518102372035
"Census Tract 114.23, Fulton County, Georgia",1734.0,1447.0,287.0,13,121,011423,0.8344867358708189
"Census Tract 114.24, Fulton County, Georgia",2078.0,1688.0,390.0,13,121,011424,0.8123195380173244
"Census Tract 114.25, Fulton County, Georgia",2331.0,1832.0,499.0,13,121,011425,0.7859287859287859
"Census Tract 114.26, Fulton County, Georgia",771.0,655.0,116.0,13,121,011426,0.8495460440985733
"Census Tract 114.27, Fulton County, Georgia",2904.0,2618.0,286.0,13,121,011427,0.9015151515151515
"Census Tract 115.03, Fulton County, Georgia",3596.0,3382.0,214.0,13,121,011503,0.9404894327030033
"Census Tract 115.04, Fulton County, Georgia",4346.0,4311.0,35.0,13,121,011504,0.9919466175793833
"Census Tract 115.05, Fulton County, Georgia",1294.0,1208.0,86.0,13,121,011505,0.9335394126738794
"Census Tract 115.06, Fulton County, Georgia",2052.0,1890.0,162.0,13,121,011506,0.9210526315789473
"Census Tract 116.10, Fulton County, Georgia",2069.0,1594.0,475.0,13,121,011610,0.7704204929917835
"Census Tract 116.11, Fulton County, Georgia",3433.0,1349.0,2084.0,13,121,011611,0.39295077191960387
"Census Tract 116.12, Fulton County, Georgia",1233.0,1161.0,72.0,13,121,011612,0.9416058394160584
"Census Tract 116.13, Fulton County, Georgia",2339.0,1604.0,735.0,13,121,011613,0.685763146643865
"Census Tract 116.14, Fulton County, Georgia",6233.0,3182.0,3051.0,13,121,011614,0.510508583346703
"Census Tract 116.15, Fulton County, Georgia",3631.0,3357.0,274.0,13,121,011615,0.9245386945744973
"Census Tract 116.16, Fulton County, Georgia",2862.0,1086.0,1776.0,13,121,011616,0.37945492662473795
"Census Tract 116.17, Fulton County, Georgia",2806.0,2281.0,525.0,13,121,011617,0.8129009265858874
"Census Tract 116.18, Fulton County, Georgia",1602.0,1147.0,455.0,13,121,011618,0.715980024968789
"Census Tract 116.19, Fulton County, Georgia",3077.0,1218.0,1859.0,13,121,011619,0.39584010399740005
"Census Tract 116.20, Fulton County, Georgia",3387.0,2934.0,453.0,13,121,011620,0.8662533215234721
"Census Tract 116.21, Fulton County, Georgia",2436.0,1709.0,727.0,13,121,011621,0.701559934318555
"Census Tract 116.22, Fulton County, Georgia",3379.0,2846.0,533.0,13,121,011622,0.8422610239715892
"Census Tract 116.23, Fulton County, Georgia",4370.0,2931.0,1439.0,13,121,011623,0.6707093821510297
"Census Tract 116.24, Fulton County, Georgia",1205.0,1205.0,0.0,13,121,011624,1.0
"Census Tract 116.25, Fulton County, Georgia",2610.0,1796.0,814.0,13,121,011625,0.6881226053639847
"Census Tract 116.26, Fulton County, Georgia",3184.0,1915.0,1269.0,13,121,011626,0.6014447236180904
"Census Tract 118, Fulton County, Georgia",923.0,136.0,787.0,13,121,011800,0.14734561213434452
"Census Tract 119, Fulton County, Georgia",1835.0,352.0,1483.0,13,121,011900,0.19182561307901907
"Census Tract 120, Fulton County, Georgia",1383.0,293.0,1090.0,13,121,012000,0.2118582791033984
"Census Tract 105.11, Fulton County, Georgia",2830.0,1881.0,949.0,13,121,010511,0.6646643109540636
"Census Tract 105.14, Fulton County, Georgia",4473.0,2462.0,2011.0,13,121,010514,0.5504135926671138
"Census Tract 113.01, Fulton County, Georgia",1636.0,1321.0,315.0,13,121,011301,0.8074572127139364
"Census Tract 114.10, Fulton County, Georgia",2572.0,1987.0,585.0,13,121,011410,0.7725505443234837
"Census Tract 114.11, Fulton County, Georgia",3052.0,2472.0,580.0,13,121,011411,0.8099606815203145
"Census Tract 114.14, Fulton County, Georgia",2870.0,1487.0,1383.0,13,121,011414,0.5181184668989547
"Census Tract 68.02, Fulton County, Georgia",533.0,97.0,436.0,13,121,006802,0.18198874296435272
"Census Tract 62, Fulton County, Georgia",522.0,198.0,324.0,13,121,006200,0.3793103448275862
"Census Tract 65, Fulton County, Georgia",1449.0,777.0,672.0,13,121,006500,0.5362318840579711
"Census Tract 10.02, Fulton County, Georgia",516.0,12.0,504.0,13,121,001002,0.023255813953488372
"Census Tract 12.02, Fulton County, Georgia",3412.0,1621.0,1791.0,13,121,001202,0.4750879249706917
"Census Tract 10.01, Fulton County, Georgia",1020.0,443.0,577.0,13,121,001001,0.4343137254901961
"Census Tract 12.01, Fulton County, Georgia",2888.0,717.0,2171.0,13,121,001201,0.24826869806094182
"Census Tract 76.03, Fulton County, Georgia",2214.0,139.0,2075.0,13,121,007603,0.06278229448961156
"Census Tract 76.04, Fulton County, Georgia",1034.0,147.0,887.0,13,121,007604,0.14216634429400388
"Census Tract 77.03, Fulton County, Georgia",1601.0,945.0,656.0,13,121,007703,0.5902560899437851
"Census Tract 123, Fulton County, Georgia",1058.0,467.0,591.0,13,121,012300,0.44139886578449905
"Census Tract 9800, Fulton County, Georgia",0.0,0.0,0.0,13,121,980000,
"Census Tract 77.04, Fulton County, Georgia",2058.0,876.0,1182.0,13,121,007704,0.42565597667638483
"Census Tract 77.05, Fulton County, Georgia",1772.0,400.0,1372.0,13,121,007705,0.22573363431151242
"Census Tract 77.06, Fulton County, Georgia",4343.0,1265.0,3078.0,13,121,007706,0.2912733133778494
"Census Tract 89.03, Fulton County, Georgia",876.0,364.0,512.0,13,121,008903,0.4155251141552511
"Census Tract 89.04, Fulton County, Georgia",2577.0,1638.0,939.0,13,121,008904,0.6356228172293364
"Census Tract 91.01, Fulton County, Georgia",3463.0,1483.0,1980.0,13,121,009101,0.42824140918278947
"Census Tract 91.02, Fulton County, Georgia",1904.0,752.0,1152.0,13,121,009102,0.3949579831932773
"Census Tract 87, Fulton County, Georgia",2562.0,639.0,1923.0,13,121,008700,0.24941451990632318
"Census Tract 95.01, Fulton County, Georgia",1733.0,1423.0,310.0,13,121,009501,0.8211194460473168
"Census Tract 94.03, Fulton County, Georgia",3032.0,763.0,2269.0,13,121,009403,0.2516490765171504
"Census Tract 94.04, Fulton County, Georgia",2383.0,1440.0,943.0,13,121,009404,0.6042803189257239
"Census Tract 95.02, Fulton County, Georgia",2254.0,1007.0,1247.0,13,121,009502,0.44676131322094054
"Census Tract 96.01, Fulton County, Georgia",1407.0,464.0,943.0,13,121,009601,0.3297796730632552
"Census Tract 96.02, Fulton County, Georgia",3112.0,1506.0,1606.0,13,121,009602,0.4839331619537275
"Census Tract 96.03, Fulton County, Georgia",3071.0,1279.0,1792.0,13,121,009603,0.41647671768153693
"Census Tract 98.01, Fulton County, Georgia",2106.0,1382.0,724.0,13,121,009801,0.6562203228869895
"Census Tract 98.02, Fulton County, Georgia",1835.0,1108.0,727.0,13,121,009802,0.6038147138964578
"Census Tract 100.01, Fulton County, Georgia",2487.0,1709.0,778.0,13,121,010001,0.6871733011660636
"Census Tract 100.02, Fulton County, Georgia",4013.0,2325.0,1688.0,13,121,010002,0.5793670570645403
"Census Tract 101.13, Fulton County, Georgia",2894.0,528.0,2366.0,13,121,010113,0.1824464409122322
"Census Tract 101.15, Fulton County, Georgia",1205.0,683.0,522.0,13,121,010115,0.566804979253112
"Census Tract 101.14, Fulton County, Georgia",3137.0,1435.0,1702.0,13,121,010114,0.4574434172776538
"Census Tract 101.17, Fulton County, Georgia",1962.0,293.0,1669.0,13,121,010117,0.14933741080530072
"Census Tract 101.18, Fulton County, Georgia",2164.0,563.0,1601.0,13,121,010118,0.2601663585951941
"Census Tract 101.19, Fulton County, Georgia",2408.0,623.0,1785.0,13,121,010119,0.25872093023255816
"Census Tract 101.20, Fulton County, Georgia",1122.0,388.0,734.0,13,121,010120,0.34581105169340465
"Census Tract 101.21, Fulton County, Georgia",1183.0,812.0,371.0,13,121,010121,0.6863905325443787
"Census Tract 66.01, Fulton County, Georgia",699.0,415.0,284.0,13,121,006601,0.5937052932761088
"Census Tract 70.01, Fulton County, Georgia",1439.0,556.0,883.0,13,121,007001,0.3863794301598332
"Census Tract 11, Fulton County, Georgia",3432.0,1569.0,1863.0,13,121,001100,0.4571678321678322
"Census Tract 14, Fulton County, Georgia",1408.0,565.0,843.0,13,121,001400,0.4012784090909091
"Census Tract 18, Fulton County, Georgia",3077.0,1085.0,1992.0,13,121,001800,0.35261618459538513
"Census Tract 32, Fulton County, Georgia",1277.0,866.0,411.0,13,121,003200,0.6781519185591229
"Census Tract 36, Fulton County, Georgia",858.0,285.0,573.0,13,121,003600,0.3321678321678322
"Census Tract 68.01, Fulton County, Georgia",0.0,0.0,0.0,13,121,006801,
"Census Tract 88, Fulton County, Georgia",1961.0,1280.0,681.0,13,121,008800,0.6527281998980112
"Census Tract 105.12, Fulton County, Georgia",2356.0,513.0,1843.0,13,121,010512,0.21774193548387097
"Census Tract 105.13, Fulton County, Georgia",4846.0,2215.0,2631.0,13,121,010513,0.45707800247626906
"Census Tract 106.01, Fulton County, Georgia",1581.0,610.0,971.0,13,121,010601,0.38583175205566095
"Census Tract 106.04, Fulton County, Georgia",1301.0,440.0,861.0,13,121,010604,0.3382013835511145
"Census Tract 112.02, Fulton County, Georgia",1583.0,584.0,999.0,13,121,011202,0.36891977258370184
"Census Tract 7, Fulton County, Georgia",347.0,243.0,104.0,13,121,000700,0.7002881844380403
"Census Tract 13, Fulton County, Georgia",2199.0,835.0,1364.0,13,121,001300,0.3797180536607549
"Census Tract 38, Fulton County, Georgia",230.0,12.0,218.0,13,121,003800,0.05217391304347826
"Census Tract 40, Fulton County, Georgia",1010.0,405.0,605.0,13,121,004000,0.400990099009901
"Census Tract 42, Fulton County, Georgia",1456.0,332.0,1124.0,13,121,004200,0.22802197802197802
"Census Tract 49, Fulton County, Georgia",1108.0,730.0,378.0,13,121,004900,0.6588447653429603
"Census Tract 28, Fulton County, Georgia",1453.0,160.0,1293.0,13,121,002800,0.11011699931176876
"Census Tract 48, Fulton County, Georgia",563.0,5.0,558.0,13,121,004800,0.008880994671403197
"Census Tract 53, Fulton County, Georgia",1675.0,1198.0,477.0,13,121,005300,0.7152238805970149
"Census Tract 81.01, Fulton County, Georgia",502.0,330.0,172.0,13,121,008101,0.6573705179282868
"Census Tract 105.10, Fulton County, Georgia",6420.0,3168.0,3252.0,13,121,010510,0.4934579439252336
"Census Tract 5, Fulton County, Georgia",2843.0,1491.0,1352.0,13,121,000500,0.5244460077383046
"Census Tract 16, Fulton County, Georgia",1294.0,412.0,882.0,13,121,001600,0.31839258114374036
"Census Tract 31, Fulton County, Georgia",931.0,381.0,550.0,13,121,003100,0.4092373791621912
"Census Tract 55.01, Fulton County, Georgia",978.0,355.0,623.0,13,121,005501,0.36298568507157464
"Census Tract 57, Fulton County, Georgia",657.0,101.0,556.0,13,121,005700,0.1537290715372907
"Census Tract 60, Fulton County, Georgia",1509.0,598.0,911.0,13,121,006000,0.39628893306825713
"Census Tract 66.02, Fulton County, Georgia",465.0,140.0,325.0,13,121,006602,0.3010752688172043
"Census Tract 507.09, Gwinnett County, Georgia",4456.0,3413.0,1043.0,13,135,050709,0.7659335727109515
"Census Tract 503.14, Gwinnett County, Georgia",3477.0,1333.0,2144.0,13,135,050314,0.3833764739718148
"Census Tract 503.15, Gwinnett County, Georgia",2436.0,668.0,1768.0,13,135,050315,0.2742200328407225
"Census Tract 504.15, Gwinnett County, Georgia",1465.0,1288.0,177.0,13,135,050415,0.8791808873720136
"Census Tract 504.25, Gwinnett County, Georgia",1810.0,1679.0,131.0,13,135,050425,0.9276243093922651
"Census Tract 504.29, Gwinnett County, Georgia",2290.0,2056.0,234.0,13,135,050429,0.8978165938864628
"Census Tract 501.05, Gwinnett County, Georgia",1545.0,800.0,745.0,13,135,050105,0.517799352750809
"Census Tract 502.05, Gwinnett County, Georgia",1698.0,799.0,899.0,13,135,050205,0.4705535924617197
"Census Tract 505.35, Gwinnett County, Georgia",2299.0,1978.0,321.0,13,135,050535,0.8603740756850805
"Census Tract 505.36, Gwinnett County, Georgia",1731.0,1125.0,606.0,13,135,050536,0.6499133448873483
"Census Tract 505.37, Gwinnett County, Georgia",1671.0,152.0,1519.0,13,135,050537,0.09096349491322561
"Census Tract 505.38, Gwinnett County, Georgia",2304.0,1917.0,387.0,13,135,050538,0.83203125
"Census Tract 505.39, Gwinnett County, Georgia",1846.0,832.0,1014.0,13,135,050539,0.4507042253521127
"Census Tract 505.40, Gwinnett County, Georgia",2607.0,1040.0,1567.0,13,135,050540,0.3989259685462217
"Census Tract 505.41, Gwinnett County, Georgia",1797.0,22.0,1775.0,13,135,050541,0.012242626599888704
"Census Tract 505.42, Gwinnett County, Georgia",2300.0,211.0,2089.0,13,135,050542,0.09173913043478261
"Census Tract 505.43, Gwinnett County, Georgia",2428.0,1968.0,460.0,13,135,050543,0.8105436573311368
"Census Tract 505.44, Gwinnett County, Georgia",3803.0,3227.0,576.0,13,135,050544,0.8485406258217197
"Census Tract 505.47, Gwinnett County, Georgia",2721.0,2115.0,606.0,13,135,050547,0.7772877618522602
"Census Tract 505.48, Gwinnett County, Georgia",3032.0,2744.0,288.0,13,135,050548,0.9050131926121372
"Census Tract 505.45, Gwinnett County, Georgia",4475.0,3066.0,1409.0,13,135,050545,0.6851396648044693
"Census Tract 505.46, Gwinnett County, Georgia",5529.0,4643.0,886.0,13,135,050546,0.8397540242358473
"Census Tract 505.49, Gwinnett County, Georgia",1650.0,1377.0,273.0,13,135,050549,0.8345454545454546
"Census Tract 506.05, Gwinnett County, Georgia",4753.0,3731.0,1022.0,13,135,050605,0.7849779086892489
"Census Tract 506.06, Gwinnett County, Georgia",7559.0,5438.0,2121.0,13,135,050606,0.7194073290117741
"Census Tract 506.07, Gwinnett County, Georgia",5338.0,4318.0,1020.0,13,135,050607,0.8089171974522293
"Census Tract 506.08, Gwinnett County, Georgia",6020.0,4964.0,1056.0,13,135,050608,0.8245847176079735
"Census Tract 506.09, Gwinnett County, Georgia",4311.0,3711.0,600.0,13,135,050609,0.8608211551844119
"Census Tract 506.10, Gwinnett County, Georgia",5074.0,4438.0,636.0,13,135,050610,0.8746551044540796
"Census Tract 507.22, Gwinnett County, Georgia",1095.0,909.0,186.0,13,135,050722,0.8301369863013699
"Census Tract 507.23, Gwinnett County, Georgia",2559.0,2238.0,321.0,13,135,050723,0.8745603751465416
"Census Tract 507.24, Gwinnett County, Georgia",6068.0,4767.0,1301.0,13,135,050724,0.785596572181938
"Census Tract 507.25, Gwinnett County, Georgia",1915.0,1486.0,429.0,13,135,050725,0.7759791122715405
"Census Tract 507.26, Gwinnett County, Georgia",3169.0,2773.0,396.0,13,135,050726,0.8750394446197539
"Census Tract 507.27, Gwinnett County, Georgia",3381.0,3112.0,269.0,13,135,050727,0.9204377403135167
"Census Tract 507.28, Gwinnett County, Georgia",4682.0,3849.0,833.0,13,135,050728,0.8220845792396412
"Census Tract 507.29, Gwinnett County, Georgia",1209.0,632.0,577.0,13,135,050729,0.522746071133168
"Census Tract 507.30, Gwinnett County, Georgia",2245.0,1515.0,730.0,13,135,050730,0.6748329621380846
"Census Tract 507.31, Gwinnett County, Georgia",3277.0,2785.0,492.0,13,135,050731,0.8498626792798291
"Census Tract 502.14, Gwinnett County, Georgia",3240.0,2664.0,576.0,13,135,050214,0.8222222222222222
"Census Tract 502.15, Gwinnett County, Georgia",1149.0,270.0,879.0,13,135,050215,0.2349869451697128
"Census Tract 502.16, Gwinnett County, Georgia",3330.0,2327.0,1003.0,13,135,050216,0.6987987987987988
"Census Tract 502.17, Gwinnett County, Georgia",3519.0,2259.0,1260.0,13,135,050217,0.6419437340153452
"Census Tract 502.18, Gwinnett County, Georgia",1314.0,896.0,418.0,13,135,050218,0.6818873668188736
"Census Tract 502.19, Gwinnett County, Georgia",1435.0,971.0,464.0,13,135,050219,0.6766550522648084
"Census Tract 502.20, Gwinnett County, Georgia",2908.0,824.0,2084.0,13,135,050220,0.2833562585969739
"Census Tract 503.17, Gwinnett County, Georgia",1860.0,121.0,1739.0,13,135,050317,0.06505376344086021
"Census Tract 503.18, Gwinnett County, Georgia",1189.0,236.0,953.0,13,135,050318,0.1984861227922624
"Census Tract 503.20, Gwinnett County, Georgia",1660.0,542.0,1118.0,13,135,050320,0.3265060240963855
"Census Tract 503.19, Gwinnett County, Georgia",1924.0,804.0,1120.0,13,135,050319,0.4178794178794179
"Census Tract 503.08, Gwinnett County, Georgia",1294.0,1220.0,74.0,13,135,050308,0.9428129829984544
"Census Tract 504.17, Gwinnett County, Georgia",1970.0,461.0,1509.0,13,135,050417,0.23401015228426397
"Census Tract 504.27, Gwinnett County, Georgia",1982.0,1669.0,313.0,13,135,050427,0.8420787083753785
"Census Tract 507.13, Gwinnett County, Georgia",2370.0,2137.0,233.0,13,135,050713,0.9016877637130801
"Census Tract 507.19, Gwinnett County, Georgia",1900.0,993.0,907.0,13,135,050719,0.5226315789473684
"Census Tract 501.03, Gwinnett County, Georgia",3676.0,2703.0,973.0,13,135,050103,0.735310119695321
"Census Tract 503.13, Gwinnett County, Georgia",2751.0,1536.0,1215.0,13,135,050313,0.5583424209378408
"Census Tract 504.16, Gwinnett County, Georgia",1178.0,682.0,496.0,13,135,050416,0.5789473684210527
"Census Tract 504.18, Gwinnett County, Georgia",2607.0,616.0,1991.0,13,135,050418,0.23628691983122363
"Census Tract 504.22, Gwinnett County, Georgia",2362.0,591.0,1771.0,13,135,050422,0.2502116850127011
"Census Tract 504.24, Gwinnett County, Georgia",2471.0,866.0,1605.0,13,135,050424,0.35046539862403886
"Census Tract 505.20, Gwinnett County, Georgia",1988.0,651.0,1337.0,13,135,050520,0.3274647887323944
"Census Tract 505.21, Gwinnett County, Georgia",1997.0,1111.0,886.0,13,135,050521,0.556334501752629
"Census Tract 507.15, Gwinnett County, Georgia",1749.0,1475.0,274.0,13,135,050715,0.8433390508862207
"Census Tract 503.10, Gwinnett County, Georgia",2738.0,1700.0,1038.0,13,135,050310,0.620891161431702
"Census Tract 507.21, Gwinnett County, Georgia",2716.0,2159.0,557.0,13,135,050721,0.7949189985272459
"Census Tract 503.11, Gwinnett County, Georgia",1080.0,891.0,189.0,13,135,050311,0.825
"Census Tract 504.19, Gwinnett County, Georgia",2305.0,1243.0,1062.0,13,135,050419,0.5392624728850325
"Census Tract 503.09, Gwinnett County, Georgia",3576.0,2408.0,1168.0,13,135,050309,0.6733780760626398
"Census Tract 504.30, Gwinnett County, Georgia",2011.0,1348.0,663.0,13,135,050430,0.6703132769766286
"Census Tract 507.14, Gwinnett County, Georgia",2064.0,1625.0,439.0,13,135,050714,0.7873062015503876
"Census Tract 507.18, Gwinnett County, Georgia",2681.0,2284.0,397.0,13,135,050718,0.8519209250279747
"Census Tract 501.06, Gwinnett County, Georgia",3818.0,2504.0,1314.0,13,135,050106,0.6558407543216344
"Census Tract 504.21, Gwinnett County, Georgia",2599.0,848.0,1751.0,13,135,050421,0.32627933820700267
"Census Tract 504.23, Gwinnett County, Georgia",2254.0,1173.0,1081.0,13,135,050423,0.5204081632653061
"Census Tract 505.11, Gwinnett County, Georgia",4067.0,2192.0,1875.0,13,135,050511,0.538972215392181
"Census Tract 501.07, Gwinnett County, Georgia",2474.0,2292.0,182.0,13,135,050107,0.9264349232012935
"Census Tract 501.08, Gwinnett County, Georgia",3152.0,2900.0,252.0,13,135,050108,0.9200507614213198
"Census Tract 501.09, Gwinnett County, Georgia",2525.0,1685.0,840.0,13,135,050109,0.6673267326732674
"Census Tract 502.08, Gwinnett County, Georgia",2903.0,1486.0,1417.0,13,135,050208,0.511884257664485
"Census Tract 502.09, Gwinnett County, Georgia",3310.0,1633.0,1677.0,13,135,050209,0.4933534743202417
"Census Tract 502.10, Gwinnett County, Georgia",3244.0,1618.0,1626.0,13,135,050210,0.49876695437731194
"Census Tract 502.11, Gwinnett County, Georgia",1989.0,403.0,1586.0,13,135,050211,0.20261437908496732
"Census Tract 502.12, Gwinnett County, Georgia",4119.0,4009.0,110.0,13,135,050212,0.9732944889536295
"Census Tract 502.13, Gwinnett County, Georgia",3893.0,3559.0,334.0,13,135,050213,0.914204983303365
"Census Tract 503.21, Gwinnett County, Georgia",1638.0,1567.0,71.0,13,135,050321,0.9566544566544567
"Census Tract 503.22, Gwinnett County, Georgia",1610.0,1539.0,71.0,13,135,050322,0.9559006211180124
"Census Tract 504.31, Gwinnett County, Georgia",2997.0,1144.0,1853.0,13,135,050431,0.38171504838171505
"Census Tract 504.32, Gwinnett County, Georgia",1937.0,1413.0,524.0,13,135,050432,0.729478575116159
"Census Tract 504.33, Gwinnett County, Georgia",943.0,307.0,636.0,13,135,050433,0.3255567338282078
"Census Tract 504.34, Gwinnett County, Georgia",2635.0,655.0,1980.0,13,135,050434,0.24857685009487665
"Census Tract 504.35, Gwinnett County, Georgia",1106.0,560.0,546.0,13,135,050435,0.5063291139240507
"Census Tract 504.36, Gwinnett County, Georgia",2721.0,1267.0,1454.0,13,135,050436,0.46563763322307977
"Census Tract 505.25, Gwinnett County, Georgia",2741.0,2415.0,326.0,13,135,050525,0.8810653046333455
"Census Tract 505.26, Gwinnett County, Georgia",1734.0,658.0,1076.0,13,135,050526,0.37946943483275664
"Census Tract 505.27, Gwinnett County, Georgia",1914.0,1711.0,203.0,13,135,050527,0.8939393939393939
"Census Tract 505.23, Gwinnett County, Georgia",2845.0,948.0,1897.0,13,135,050523,0.33321616871704746
"Census Tract 505.24, Gwinnett County, Georgia",1983.0,950.0,1033.0,13,135,050524,0.4790721129601614
"Census Tract 505.28, Gwinnett County, Georgia",1585.0,1486.0,99.0,13,135,050528,0.9375394321766561
"Census Tract 505.29, Gwinnett County, Georgia",1450.0,968.0,482.0,13,135,050529,0.6675862068965517
"Census Tract 505.30, Gwinnett County, Georgia",1960.0,1700.0,260.0,13,135,050530,0.8673469387755102
"Census Tract 505.31, Gwinnett County, Georgia",2531.0,1726.0,805.0,13,135,050531,0.6819438956934019
"Census Tract 505.32, Gwinnett County, Georgia",2713.0,1987.0,726.0,13,135,050532,0.7323995576852194
"Census Tract 505.33, Gwinnett County, Georgia",2456.0,1648.0,808.0,13,135,050533,0.6710097719869706
"Census Tract 505.34, Gwinnett County, Georgia",2678.0,1489.0,1189.0,13,135,050534,0.5560119492158327
"Census Tract 505.22, Gwinnett County, Georgia",1784.0,768.0,1016.0,13,135,050522,0.4304932735426009
"Census Tract 507.20, Gwinnett County, Georgia",2329.0,1991.0,338.0,13,135,050720,0.8548733361957922
"Census Tract 503.04, Gwinnett County, Georgia",2189.0,480.0,1709.0,13,135,050304,0.21927820922795796
"Census Tract 503.06, Gwinnett County, Georgia",1004.0,403.0,601.0,13,135,050306,0.40139442231075695
"Census Tract 504.26, Gwinnett County, Georgia",2311.0,2119.0,192.0,13,135,050426,0.9169190826482042
"Census Tract 507.12, Gwinnett County, Georgia",2467.0,2151.0,316.0,13,135,050712,0.8719092014592622
"Census Tract 504.10, Gwinnett County, Georgia",1750.0,837.0,913.0,13,135,050410,0.47828571428571426
"Census Tract 504.28, Gwinnett County, Georgia",1953.0,1787.0,166.0,13,135,050428,0.9150025601638505
"Census Tract 403.02, Clayton County, Georgia",1951.0,671.0,1280.0,13,063,040302,0.34392619169656585
"Census Tract 403.03, Clayton County, Georgia",2417.0,1179.0,1238.0,13,063,040303,0.48779478692594125
"Census Tract 405.10, Clayton County, Georgia",1270.0,531.0,739.0,13,063,040510,0.41811023622047244
"Census Tract 405.16, Clayton County, Georgia",2081.0,1116.0,965.0,13,063,040516,0.5362806343104277
"Census Tract 406.14, Clayton County, Georgia",1794.0,1518.0,276.0,13,063,040614,0.8461538461538461
"Census Tract 402.02, Clayton County, Georgia",904.0,287.0,617.0,13,063,040202,0.3174778761061947
"Census Tract 404.13, Clayton County, Georgia",2418.0,1484.0,934.0,13,063,040413,0.6137303556658396
"Census Tract 404.11, Clayton County, Georgia",4357.0,3642.0,715.0,13,063,040411,0.8358962588937342
"Census Tract 404.12, Clayton County, Georgia",2964.0,1056.0,1908.0,13,063,040412,0.3562753036437247
"Census Tract 405.14, Clayton County, Georgia",2616.0,1111.0,1505.0,13,063,040514,0.4246941896024465
"Census Tract 405.12, Clayton County, Georgia",2005.0,943.0,1062.0,13,063,040512,0.47032418952618454
"Census Tract 406.13, Clayton County, Georgia",2746.0,2090.0,656.0,13,063,040613,0.7611070648215587
"Census Tract 405.15, Clayton County, Georgia",2713.0,1084.0,1629.0,13,063,040515,0.3995576852193144
"Census Tract 406.11, Clayton County, Georgia",2194.0,563.0,1631.0,13,063,040611,0.25660893345487695
"Census Tract 403.08, Clayton County, Georgia",1655.0,481.0,1174.0,13,063,040308,0.29063444108761327
"Census Tract 406.12, Clayton County, Georgia",2013.0,775.0,1238.0,13,063,040612,0.3849975161450571
"Census Tract 404.09, Clayton County, Georgia",1864.0,1089.0,775.0,13,063,040409,0.5842274678111588
"Census Tract 404.10, Clayton County, Georgia",2346.0,1554.0,792.0,13,063,040410,0.6624040920716112
"Census Tract 405.09, Clayton County, Georgia",1626.0,1165.0,461.0,13,063,040509,0.7164821648216482
"Census Tract 404.07, Clayton County, Georgia",1250.0,805.0,445.0,13,063,040407,0.644
"Census Tract 405.18, Clayton County, Georgia",1697.0,695.0,1002.0,13,063,040518,0.40954625810253387
"Census Tract 406.06, Clayton County, Georgia",1002.0,775.0,227.0,13,063,040606,0.7734530938123753
"Census Tract 406.08, Clayton County, Georgia",4173.0,3339.0,834.0,13,063,040608,0.8001437814521927
"Census Tract 406.09, Clayton County, Georgia",2161.0,1440.0,721.0,13,063,040609,0.6663581675150393
"Census Tract 405.13, Clayton County, Georgia",1620.0,1189.0,431.0,13,063,040513,0.7339506172839506
"Census Tract 404.08, Clayton County, Georgia",2234.0,1023.0,1211.0,13,063,040408,0.45792300805729635
"Census Tract 402.03, Clayton County, Georgia",1569.0,506.0,1063.0,13,063,040203,0.32249840662842577
"Census Tract 402.04, Clayton County, Georgia",1904.0,439.0,1465.0,13,063,040204,0.23056722689075632
"Census Tract 403.06, Clayton County, Georgia",1369.0,85.0,1284.0,13,063,040306,0.0620891161431702
"Census Tract 403.07, Clayton County, Georgia",1463.0,852.0,611.0,13,063,040307,0.582365003417635
"Census Tract 404.14, Clayton County, Georgia",592.0,226.0,366.0,13,063,040414,0.38175675675675674
"Census Tract 404.15, Clayton County, Georgia",2343.0,320.0,2023.0,13,063,040415,0.1365770379854887
"Census Tract 404.16, Clayton County, Georgia",1090.0,578.0,512.0,13,063,040416,0.5302752293577981
"Census Tract 404.17, Clayton County, Georgia",1957.0,315.0,1642.0,13,063,040417,0.1609606540623403
"Census Tract 405.19, Clayton County, Georgia",2369.0,0.0,2369.0,13,063,040519,0.0
"Census Tract 405.20, Clayton County, Georgia",1839.0,279.0,1560.0,13,063,040520,0.15171288743882544
"Census Tract 405.21, Clayton County, Georgia",1082.0,530.0,552.0,13,063,040521,0.4898336414048059
"Census Tract 405.22, Clayton County, Georgia",1807.0,631.0,1176.0,13,063,040522,0.3491975650249032
"Census Tract 405.23, Clayton County, Georgia",1092.0,523.0,569.0,13,063,040523,0.47893772893772896
"Census Tract 405.24, Clayton County, Georgia",2677.0,1173.0,1504.0,13,063,040524,0.4381770638774748
"Census Tract 405.25, Clayton County, Georgia",1046.0,703.0,343.0,13,063,040525,0.6720841300191205
"Census Tract 405.26, Clayton County, Georgia",2324.0,1258.0,1066.0,13,063,040526,0.5413080895008606
"Census Tract 406.15, Clayton County, Georgia",629.0,446.0,183.0,13,063,040615,0.7090620031796503
"Census Tract 406.16, Clayton County, Georgia",3016.0,784.0,2232.0,13,063,040616,0.259946949602122
"Census Tract 406.17, Clayton County, Georgia",354.0,181.0,173.0,13,063,040617,0.5112994350282486
"Census Tract 406.19, Clayton County, Georgia",760.0,557.0,203.0,13,063,040619,0.7328947368421053
"Census Tract 406.20, Clayton County, Georgia",1354.0,1156.0,198.0,13,063,040620,0.8537666174298375
"Census Tract 406.21, Clayton County, Georgia",3274.0,2199.0,1075.0,13,063,040621,0.6716554673182651
"Census Tract 406.22, Clayton County, Georgia",2298.0,1332.0,966.0,13,063,040622,0.5796344647519582
"Census Tract 9800, Clayton County, Georgia",0.0,0.0,0.0,13,063,980000,
"Census Tract 701.07, Henry County, Georgia",2402.0,1871.0,531.0,13,151,070107,0.7789342214820982
"Census Tract 701.08, Henry County, Georgia",1834.0,1201.0,633.0,13,151,070108,0.6548527808069793
"Census Tract 701.09, Henry County, Georgia",1260.0,1002.0,258.0,13,151,070109,0.7952380952380952
"Census Tract 701.10, Henry County, Georgia",2679.0,2156.0,523.0,13,151,070110,0.8047779022023143
"Census Tract 701.11, Henry County, Georgia",3205.0,1529.0,1676.0,13,151,070111,0.47706708268330733
"Census Tract 701.13, Henry County, Georgia",1577.0,961.0,616.0,13,151,070113,0.6093849080532657
"Census Tract 702.04, Henry County, Georgia",1587.0,1485.0,102.0,13,151,070204,0.9357277882797732
"Census Tract 703.07, Henry County, Georgia",1449.0,1154.0,295.0,13,151,070307,0.7964113181504486
"Census Tract 703.10, Henry County, Georgia",1718.0,1293.0,425.0,13,151,070310,0.7526193247962747
"Census Tract 703.11, Henry County, Georgia",4372.0,1294.0,3078.0,13,151,070311,0.2959743824336688
"Census Tract 704.03, Henry County, Georgia",3765.0,3026.0,739.0,13,151,070403,0.8037184594953519
"Census Tract 704.04, Henry County, Georgia",3194.0,2112.0,1082.0,13,151,070404,0.6612398246712586
"Census Tract 705.01, Henry County, Georgia",2310.0,1688.0,622.0,13,151,070501,0.7307359307359307
"Census Tract 701.14, Henry County, Georgia",2334.0,514.0,1820.0,13,151,070114,0.22022279348757498
"Census Tract 703.04, Henry County, Georgia",3806.0,1894.0,1912.0,13,151,070304,0.4976353126642144
"Census Tract 701.06, Henry County, Georgia",2041.0,1453.0,588.0,13,151,070106,0.7119059284664381
"Census Tract 703.06, Henry County, Georgia",4085.0,2640.0,1445.0,13,151,070306,0.6462668298653611
"Census Tract 702.03, Henry County, Georgia",5354.0,4673.0,681.0,13,151,070203,0.8728053791557714
"Census Tract 703.05, Henry County, Georgia",3145.0,2841.0,304.0,13,151,070305,0.9033386327503975
"Census Tract 704.02, Henry County, Georgia",3946.0,3382.0,564.0,13,151,070402,0.8570704510897111
"Census Tract 701.04, Henry County, Georgia",4804.0,3367.0,1437.0,13,151,070104,0.7008742714404663
"Census Tract 702.02, Henry County, Georgia",3828.0,3396.0,432.0,13,151,070202,0.8871473354231975
"Census Tract 702.05, Henry County, Georgia",3851.0,2532.0,1319.0,13,151,070205,0.6574915606336017
"Census Tract 703.09, Henry County, Georgia",2574.0,2195.0,379.0,13,151,070309,0.8527583527583528
"Census Tract 705.02, Henry County, Georgia",4864.0,3802.0,1062.0,13,151,070502,0.7816611842105263
"Census Tract 1206.05, Paulding County, Georgia",1955.0,1683.0,272.0,13,223,120605,0.8608695652173913
"Census Tract 1201.01, Paulding County, Georgia",4811.0,3999.0,812.0,13,223,120101,0.8312201205570567
"Census Tract 1201.02, Paulding County, Georgia",4255.0,3665.0,590.0,13,223,120102,0.8613396004700352
"Census Tract 1201.03, Paulding County, Georgia",3819.0,3230.0,589.0,13,223,120103,0.845771144278607
"Census Tract 1201.04, Paulding County, Georgia",1016.0,936.0,80.0,13,223,120104,0.9212598425196851
"Census Tract 1202.03, Paulding County, Georgia",1798.0,1465.0,333.0,13,223,120203,0.8147942157953282
"Census Tract 1202.04, Paulding County, Georgia",2823.0,1770.0,1053.0,13,223,120204,0.6269925611052072
"Census Tract 1203.01, Paulding County, Georgia",2370.0,1488.0,882.0,13,223,120301,0.6278481012658228
"Census Tract 1203.02, Paulding County, Georgia",4757.0,2702.0,2055.0,13,223,120302,0.5680050451965525
"Census Tract 1203.03, Paulding County, Georgia",629.0,541.0,88.0,13,223,120303,0.8600953895071543
"Census Tract 1205.01, Paulding County, Georgia",2579.0,1900.0,679.0,13,223,120501,0.7367196587824738
"Census Tract 1205.02, Paulding County, Georgia",3020.0,2286.0,734.0,13,223,120502,0.756953642384106
"Census Tract 1205.03, Paulding County, Georgia",1778.0,1460.0,318.0,13,223,120503,0.8211473565804275
"Census Tract 1206.01, Paulding County, Georgia",1691.0,1394.0,297.0,13,223,120601,0.8243642814902424
"Census Tract 1206.02, Paulding County, Georgia",3189.0,2645.0,544.0,13,223,120602,0.8294136092819065
"Census Tract 1202.02, Paulding County, Georgia",2685.0,2169.0,516.0,13,223,120202,0.8078212290502793
"Census Tract 1204, Paulding County, Georgia",5999.0,4184.0,1815.0,13,223,120400,0.6974495749291548
"Census Tract 1206.04, Paulding County, Georgia",1796.0,1620.0,176.0,13,223,120604,0.9020044543429844
"Census Tract 1206.03, Paulding County, Georgia",2329.0,1249.0,1080.0,13,223,120603,0.536281665951052
