date,hpi,trail_1_3,trail_13_15,g
2015-01-01,120.896704268594,358.770280984135,342.54286018848,0.04737340251881483
2015-02-01,121.563723073532,361.187533407718,344.654442002196,0.047970051711727635
2015-03-01,122.085394974134,363.021388690531,345.936898501321,0.049386146037684764
2015-04-01,122.105331725177,364.54582231626,347.39702654272503,0.04936368035212846
2015-05-01,122.423862037068,365.75444977284303,348.74739450675503,0.04876611419604049
2015-06-01,122.893517443806,366.614588736379,349.664805726326,0.0484743752658916
2015-07-01,123.538985724423,367.422711206051,349.461040567538,0.05139820624737612
2015-08-01,123.910476501796,368.85636520529704,348.880465961479,0.057257144474301525
2015-09-01,124.966016252725,370.342979670025,349.04069782294,0.06103093988739139
2015-10-01,125.738493518065,372.415478478944,350.26056192026397,0.0632526723454625
2015-11-01,126.361550879854,374.614986272586,352.53136581736305,0.06264299462835288
2015-12-01,126.87548901274,377.066060650644,355.618129849943,0.06031169111021195
2016-01-01,127.692832161413,378.975533410659,358.770280984135,0.05631807732541105
2016-02-01,128.68878866498,380.929872054007,361.187533407718,0.05465952398751073
2016-03-01,129.331720663622,383.25710983913297,363.021388690531,0.055742503827653334
2016-04-01,129.661028736088,385.71334149001495,364.54582231626,0.05806545536377361
2016-05-01,130.101298779499,387.68153806469,365.75444977284303,0.05995029809060459
2016-06-01,130.282252701873,389.09404817920904,366.614588736379,0.061316325464053856
2016-07-01,130.505757434911,390.04458021746007,367.422711206051,0.06156905471943652
2016-08-01,130.944879768869,390.88930891628297,368.85636520529704,0.059733125924837704
2016-09-01,131.874032334117,391.732889905653,370.342979670025,0.05775702905097968
2016-10-01,133.063996671169,393.324669537897,372.415478478944,0.05614479597988886
2016-11-01,133.720167093809,395.882908774155,374.614986272586,0.056772748771170445
2016-12-01,134.413440358211,398.658196099095,377.066060650644,0.05726353470050527
2017-01-01,134.728815788227,401.19760412318897,378.975533410659,0.05863721732254956
2017-02-01,135.403882295078,402.86242324024704,380.929872054007,0.057576348811863465
2017-03-01,136.069549045672,404.546138441516,383.25710983913297,0.05554764166363113
2017-04-01,136.927045395946,406.20224712897704,385.71334149001495,0.0531195150258823
2017-05-01,137.225795117012,408.400476736696,387.68153806469,0.05344319147988097
2017-06-01,137.507592506058,410.2223895586301,389.09404817920904,0.054301373866530556
2017-07-01,137.919839516943,411.66043301901607,390.04458021746007,0.05541892875297649
2017-08-01,138.491115830157,412.653227140013,390.88930891628297,0.05567795723057545
2017-09-01,139.472254325367,413.918547853158,391.732889905653,0.056634657235056896
2017-10-01,139.879218931583,415.883209672467,393.324669537897,0.05735348398327811
2017-11-01,140.578849918873,417.84258908710706,395.882908774155,0.05547013984753679
2017-12-01,141.524488612265,419.930323175823,398.658196099095,0.053359312024379824
2018-01-01,143.217492037373,421.982557462721,401.19760412318897,0.05180727184290457
2018-02-01,143.867672779806,425.320830568511,402.86242324024704,0.05574708891345481
2018-03-01,144.16315989908,428.60965342944405,404.546138441516,0.05948274548023358
2018-04-01,144.322486250652,431.248324716259,406.20224712897704,0.06165913104692744
2018-05-01,144.986125916039,432.35331892953803,408.400476736696,0.05865037764949754
2018-06-01,145.398956362657,433.471772065771,410.2223895586301,0.05667506966685942
2018-07-01,146.054904413276,434.707568529348,411.66043301901607,0.05598579232235146
2018-08-01,146.660452721412,436.43998669197197,412.653227140013,0.057643459417047405
2018-09-01,147.490086279521,438.11431349734505,413.918547853158,0.05845537913118792
2018-10-01,148.22332166616,440.205443414209,415.883209672467,0.058483326991963125
2018-11-01,149.058763810215,442.37386066709297,417.84258908710706,0.058709361421441786
2018-12-01,149.775978876573,444.77217175589595,419.930323175823,0.059157072516698994
2019-01-01,150.141459266283,447.058064352948,421.982557462721,0.05942308857740475
2019-02-01,150.660247986508,448.976201953071,425.320830568511,0.05561771181754893
2019-03-01,150.81139723857,450.577686129364,428.60965342944405,0.05125417153847711
2019-04-01,151.453056941396,451.613104491361,431.248324716259,0.04722286118676777
2019-05-01,151.623938575127,452.92470216647405,432.35331892953803,0.04758002850046039
2019-06-01,151.939312746764,453.888392755093,433.471772065771,0.047100231214650234
2019-07-01,151.980313039495,455.016308263287,434.707568529348,0.04671816458739175
2019-08-01,152.635304440017,455.54356436138596,436.43998669197197,0.04377137350363092
2019-09-01,153.398557738462,456.55493022627604,438.11431349734505,0.042090879391099234
2019-10-01,154.504128482913,458.014175217974,440.205443414209,0.040455501107940606
2019-11-01,155.365564509571,460.537990661392,442.37386066709297,0.04106058609997376
2019-12-01,155.939217437902,463.26825073094597,444.77217175589595,0.04158551309995451
2020-01-01,156.926079552603,465.80891043038594,447.058064352948,0.041942753240738595
2020-02-01,157.676613447718,468.230861500076,448.976201953071,0.042885701877396265
2020-03-01,157.801054400088,470.541910438223,450.577686129364,0.04430806256820974
2020-04-01,158.057782168906,472.403747400409,451.613104491361,0.04603640306776269
2020-05-01,158.048160572644,473.535450016712,452.92470216647405,0.04550590363398288
2020-06-01,158.448357542141,473.906997141638,453.888392755093,0.044104684556995455
2020-07-01,159.201516691797,474.55430028369096,455.016308263287,0.04293910276529833
2020-08-01,160.426962868893,475.69803480658203,455.54356436138596,0.0442426850513189
2020-09-01,162.575952190956,478.07683710283106,456.55493022627604,0.0471397973205292
2020-10-01,165.019259280152,482.204431751646,458.014175217974,0.05281551934972217
2020-11-01,167.594746406231,488.022174340001,460.537990661392,0.05967842878529561
2020-12-01,169.995291218273,495.189957877339,463.26825073094597,0.06890544969577972
2021-01-01,172.201670856735,502.60929690465605,465.80891043038594,0.07900318274347362
2021-02-01,173.690316172382,509.79170848123897,468.230861500076,0.08876144312233936
2021-03-01,175.627019598782,515.88727824739,470.541910438223,0.0963683931298196
2021-04-01,177.69343010167,521.519006627899,472.403747400409,0.10396881798200464
2021-05-01,180.83216352032,527.010765872834,473.535450016712,0.11292779844515288
2021-06-01,184.570352725727,534.152613220772,473.906997141638,0.12712539895486752
2021-07-01,188.652395443943,543.095946347717,474.55430028369096,0.14443372659999398
2021-08-01,192.656459301702,554.05491168999,475.69803480658203,0.16471978261433806
2021-09-01,196.814627940808,565.879207471372,478.07683710283106,0.18365744490075597
2021-10-01,199.809167842631,578.123482686453,482.204431751646,0.19891781290017074
2021-11-01,203.285492046521,589.2802550851411,488.022174340001,0.20748663906938458
2021-12-01,207.214867252622,599.90928782996,495.189957877339,0.2114730484469165
2022-01-01,211.39032793012,610.3095271417741,502.60929690465605,0.21428220866664272
2022-02-01,215.734119627868,621.890687229263,509.79170848123897,0.21989172613651764
2022-03-01,220.864631761004,634.33931481061,515.88727824739,0.22960836903292892
2022-04-01,224.528752397564,647.989079318992,521.519006627899,0.24250328575527602
2022-05-01,228.213918966337,661.127503786436,527.010765872834,0.2544857649947212
2022-06-01,230.116943581541,673.607303124905,534.152613220772,0.2610764909737411
2022-07-01,231.464405713588,682.859614945442,543.095946347717,0.25734618263609965
2022-08-01,231.105933623117,689.795268261466,554.05491168999,0.2449944106757178
2022-09-01,230.366298356859,692.6872829182461,565.879207471372,0.22409036022637285
2022-10-01,229.595423467901,692.9366376935641,578.123482686453,0.1985962488041335
2022-11-01,229.245338755412,691.0676554478771,589.2802550851411,0.17273173415258825
2022-12-01,228.96602729458,689.2070605801721,599.90928782996,0.14885212574925633
2023-01-01,229.352922525699,687.806789517893,610.3095271417741,0.12698025990034467
2023-02-01,230.093610209021,687.564288575691,621.890687229263,0.10560312719752485
2023-03-01,230.911895128361,688.4125600293,634.33931481061,0.08524340830874455
2023-04-01,232.195790501914,690.358427863081,647.989079318992,0.06538589907814085
2023-05-01,232.919156017243,693.201295839296,661.127503786436,0.04851377664545131
2023-06-01,234.778418439252,696.026841647518,673.607303124905,0.03328280204001266
2023-07-01,236.347985505336,699.8933649584089,682.859614945442,0.0249447318894791
2023-08-01,238.80237513875,704.045559961831,689.795268261466,0.02065872637294386
2023-09-01,240.229448745089,709.928779083338,692.6872829182461,0.02489073582014467
2023-10-01,241.650209365951,715.3798093891751,692.9366376935641,0.03238849048350656
2023-11-01,242.100318194068,720.68203324979,691.0676554478771,0.04285308040168667
2023-12-01,243.584757240653,723.979976305108,689.2070605801721,0.050453510583110095
2024-01-01,244.143311520695,727.3352848006721,687.806789517893,0.05747034761097081
2024-02-01,244.350192502379,729.828386955416,687.564288575691,0.06146930415376328
2024-03-01,244.517794030606,732.078261263727,688.4125600293,0.06342955339537748
2024-04-01,245.067590307485,733.01129805368,690.358427863081,0.06178365971807653
2024-05-01,245.909755074713,733.93557684047,693.201295839296,0.05876255749328174
2024-06-01,246.554912183895,735.4951394128041,696.026841647518,0.056705137508581194
2024-07-01,246.792652502835,737.532257566093,699.8933649584089,0.05377803890157007
2024-08-01,247.394673441413,739.257319761443,704.045559961831,0.050013467596501826
2024-09-01,248.124057151708,740.7422381281431,709.928779083338,0.0434035919555078
2024-10-01,248.51677270208,742.311383095956,715.3798093891751,0.037646538738319135
2024-11-01,248.995863998175,744.035503295201,720.68203324979,0.03240467913443412
2024-12-01,249.268262259906,745.6366938519631,723.979976305108,0.02991342061334601
2025-01-01,249.915852799984,746.780898960161,727.3352848006721,0.026735419779363667
2025-02-01,250.483421561966,748.179979058065,729.828386955416,0.025145078528947318
2025-03-01,250.6398436192,749.667536621856,732.078261263727,0.0240264959210319
2025-04-01,250.183750463836,751.03911798115,733.01129805368,0.024594191079098104
2025-05-01,249.982295512422,751.307015645002,733.93557684047,0.02366888777801801
2025-06-01,248.784941697303,750.805889595458,735.4951394128041,0.020816929116455496
2025-07-01,248.529420184483,748.950987673561,737.532257566093,0.015482346691045867
2025-08-01,247.862242177861,747.2966573942081,739.257319761443,0.010874884046274014
2025-09-01,247.721434139098,745.1766040596469,740.7422381281431,0.005986381906220917
2025-10-01,248.243776366165,744.113096501442,742.311383095956,0.0024271666129807024
2025-11-01,248.8825487871,743.827452683124,744.035503295201,-0.00027962457591823586
2025-12-01,249.599467911448,744.847759292363,745.6366938519631,-0.0010580683141067082
2026-01-01,249.577177497993,746.725793064713,746.780898960161,-7.379124924700164e-05
2026-02-01,249.691119266967,748.0591941965411,748.179979058065,-0.00016143824334358126
2026-03-01,249.468938533537,748.867764676408,749.667536621856,-0.0010668355055788448
2026-04-01,249.797908353011,748.737235298497,751.03911798115,-0.0030649304777100594
