NAME,total_households,income_under_10k,income_30_35k,income_40_45k,income_75_100k,income_100_125k,income_200k_plus,state,county,tract
"Census Tract 301.03, Cobb County, Georgia",3205.0,16.0,165.0,106.0,606.0,476.0,260.0,13,067,030103
"Census Tract 303.10, Cobb County, Georgia",2731.0,45.0,70.0,133.0,432.0,435.0,132.0,13,067,030310
"Census Tract 303.20, Cobb County, Georgia",3476.0,137.0,133.0,61.0,554.0,282.0,757.0,13,067,030320
"Census Tract 303.27, Cobb County, Georgia",1679.0,0.0,31.0,48.0,246.0,254.0,280.0,13,067,030327
"Census Tract 303.14, Cobb County, Georgia",2607.0,43.0,52.0,95.0,302.0,351.0,445.0,13,067,030314
"Census Tract 303.39, Cobb County, Georgia",3485.0,118.0,108.0,205.0,682.0,493.0,285.0,13,067,030339
"Census Tract 313.07, Cobb County, Georgia",2300.0,58.0,228.0,55.0,277.0,301.0,215.0,13,067,031307
"Census Tract 303.12, Cobb County, Georgia",2504.0,124.0,47.0,90.0,282.0,325.0,140.0,13,067,030312
"Census Tract 310.05, Cobb County, Georgia",1637.0,81.0,20.0,43.0,352.0,213.0,26.0,13,067,031005
"Census Tract 303.30, Cobb County, Georgia",2018.0,72.0,77.0,61.0,217.0,140.0,429.0,13,067,030330
"Census Tract 307, Cobb County, Georgia",1885.0,259.0,144.0,57.0,160.0,70.0,133.0,13,067,030700
"Census Tract 303.35, Cobb County, Georgia",1740.0,32.0,0.0,16.0,219.0,139.0,597.0,13,067,030335
"Census Tract 312.09, Cobb County, Georgia",1823.0,18.0,18.0,0.0,137.0,158.0,585.0,13,067,031209
"Census Tract 312.11, Cobb County, Georgia",2523.0,48.0,87.0,115.0,457.0,471.0,273.0,13,067,031211
"Census Tract 312.12, Cobb County, Georgia",1012.0,21.0,0.0,23.0,88.0,72.0,460.0,13,067,031212
"Census Tract 313.12, Cobb County, Georgia",3734.0,110.0,97.0,179.0,403.0,469.0,494.0,13,067,031312
"Census Tract 313.13, Cobb County, Georgia",4087.0,53.0,25.0,67.0,472.0,671.0,867.0,13,067,031313
"Census Tract 314.08, Cobb County, Georgia",2461.0,106.0,176.0,116.0,492.0,288.0,48.0,13,067,031408
"Census Tract 314.09, Cobb County, Georgia",2313.0,87.0,83.0,132.0,380.0,181.0,21.0,13,067,031409
"Census Tract 315.06, Cobb County, Georgia",1986.0,97.0,30.0,67.0,205.0,143.0,100.0,13,067,031506
"Census Tract 315.07, Cobb County, Georgia",1139.0,44.0,7.0,47.0,184.0,158.0,55.0,13,067,031507
"Census Tract 315.08, Cobb County, Georgia",2128.0,60.0,88.0,68.0,324.0,191.0,219.0,13,067,031508
"Census Tract 315.09, Cobb County, Georgia",3581.0,136.0,173.0,91.0,590.0,377.0,183.0,13,067,031509
"Census Tract 303.32, Cobb County, Georgia",1118.0,28.0,23.0,7.0,94.0,176.0,234.0,13,067,030332
"Census Tract 303.36, Cobb County, Georgia",2391.0,64.0,54.0,12.0,169.0,160.0,987.0,13,067,030336
"Census Tract 304.05, Cobb County, Georgia",2961.0,100.0,357.0,187.0,278.0,202.0,0.0,13,067,030405
"Census Tract 305.04, Cobb County, Georgia",2390.0,215.0,38.0,124.0,362.0,227.0,269.0,13,067,030504
"Census Tract 309.02, Cobb County, Georgia",2314.0,119.0,47.0,119.0,344.0,126.0,257.0,13,067,030902
"Census Tract 311.01, Cobb County, Georgia",2107.0,166.0,58.0,120.0,226.0,188.0,138.0,13,067,031101
"Census Tract 311.10, Cobb County, Georgia",1368.0,65.0,19.0,18.0,128.0,171.0,183.0,13,067,031110
"Census Tract 313.06, Cobb County, Georgia",1548.0,78.0,114.0,64.0,292.0,218.0,91.0,13,067,031306
"Census Tract 314.05, Cobb County, Georgia",3067.0,147.0,34.0,192.0,226.0,300.0,201.0,13,067,031405
"Census Tract 302.09, Cobb County, Georgia",2588.0,59.0,65.0,52.0,370.0,298.0,351.0,13,067,030209
"Census Tract 303.28, Cobb County, Georgia",2380.0,71.0,12.0,28.0,230.0,235.0,626.0,13,067,030328
"Census Tract 309.05, Cobb County, Georgia",2153.0,81.0,157.0,11.0,459.0,282.0,60.0,13,067,030905
"Census Tract 310.01, Cobb County, Georgia",1887.0,181.0,121.0,109.0,133.0,26.0,0.0,13,067,031001
"Census Tract 311.12, Cobb County, Georgia",2378.0,20.0,0.0,37.0,262.0,144.0,559.0,13,067,031112
"Census Tract 315.03, Cobb County, Georgia",3257.0,157.0,193.0,188.0,438.0,310.0,81.0,13,067,031503
"Census Tract 303.11, Cobb County, Georgia",2171.0,14.0,28.0,102.0,307.0,291.0,128.0,13,067,030311
"Census Tract 303.26, Cobb County, Georgia",1449.0,48.0,22.0,20.0,182.0,119.0,482.0,13,067,030326
"Census Tract 305.02, Cobb County, Georgia",2646.0,51.0,95.0,82.0,342.0,407.0,290.0,13,067,030502
"Census Tract 305.05, Cobb County, Georgia",3012.0,209.0,272.0,182.0,376.0,235.0,60.0,13,067,030505
"Census Tract 308, Cobb County, Georgia",1510.0,98.0,22.0,35.0,189.0,88.0,71.0,13,067,030800
"Census Tract 310.04, Cobb County, Georgia",3001.0,253.0,161.0,162.0,322.0,171.0,34.0,13,067,031004
"Census Tract 311.06, Cobb County, Georgia",3171.0,109.0,70.0,240.0,457.0,396.0,263.0,13,067,031106
"Census Tract 311.08, Cobb County, Georgia",2637.0,75.0,145.0,160.0,461.0,178.0,130.0,13,067,031108
"Census Tract 313.08, Cobb County, Georgia",1827.0,39.0,104.0,43.0,241.0,214.0,59.0,13,067,031308
"Census Tract 313.09, Cobb County, Georgia",2430.0,68.0,160.0,177.0,170.0,166.0,0.0,13,067,031309
"Census Tract 313.10, Cobb County, Georgia",2706.0,68.0,253.0,146.0,283.0,102.0,38.0,13,067,031310
"Census Tract 302.28, Cobb County, Georgia",3488.0,444.0,204.0,103.0,390.0,272.0,79.0,13,067,030228
"Census Tract 302.30, Cobb County, Georgia",5181.0,113.0,359.0,32.0,880.0,522.0,686.0,13,067,030230
"Census Tract 302.32, Cobb County, Georgia",2161.0,57.0,0.0,62.0,320.0,284.0,265.0,13,067,030232
"Census Tract 302.33, Cobb County, Georgia",1565.0,30.0,17.0,55.0,272.0,201.0,238.0,13,067,030233
"Census Tract 302.34, Cobb County, Georgia",2147.0,40.0,26.0,0.0,221.0,343.0,259.0,13,067,030234
"Census Tract 302.35, Cobb County, Georgia",1653.0,65.0,19.0,33.0,232.0,95.0,199.0,13,067,030235
"Census Tract 302.36, Cobb County, Georgia",1474.0,28.0,16.0,21.0,142.0,171.0,418.0,13,067,030236
"Census Tract 302.38, Cobb County, Georgia",2047.0,54.0,38.0,60.0,229.0,263.0,405.0,13,067,030238
"Census Tract 302.39, Cobb County, Georgia",2612.0,21.0,18.0,16.0,306.0,436.0,769.0,13,067,030239
"Census Tract 303.40, Cobb County, Georgia",1246.0,0.0,27.0,19.0,160.0,106.0,414.0,13,067,030340
"Census Tract 303.41, Cobb County, Georgia",1544.0,0.0,10.0,63.0,180.0,184.0,296.0,13,067,030341
"Census Tract 303.42, Cobb County, Georgia",1686.0,11.0,10.0,40.0,231.0,198.0,469.0,13,067,030342
"Census Tract 303.43, Cobb County, Georgia",1536.0,55.0,8.0,41.0,221.0,251.0,381.0,13,067,030343
"Census Tract 303.44, Cobb County, Georgia",2006.0,129.0,76.0,74.0,205.0,107.0,7.0,13,067,030344
"Census Tract 303.45, Cobb County, Georgia",2770.0,97.0,147.0,160.0,390.0,340.0,114.0,13,067,030345
"Census Tract 304.07, Cobb County, Georgia",1968.0,35.0,20.0,66.0,202.0,110.0,206.0,13,067,030407
"Census Tract 304.08, Cobb County, Georgia",1343.0,65.0,53.0,59.0,236.0,154.0,202.0,13,067,030408
"Census Tract 304.09, Cobb County, Georgia",1195.0,100.0,65.0,18.0,97.0,172.0,343.0,13,067,030409
"Census Tract 304.10, Cobb County, Georgia",2112.0,104.0,175.0,114.0,276.0,204.0,135.0,13,067,030410
"Census Tract 304.11, Cobb County, Georgia",870.0,88.0,41.0,32.0,42.0,62.0,12.0,13,067,030411
"Census Tract 304.12, Cobb County, Georgia",1935.0,211.0,87.0,105.0,291.0,119.0,0.0,13,067,030412
"Census Tract 304.13, Cobb County, Georgia",2545.0,192.0,146.0,132.0,251.0,123.0,33.0,13,067,030413
"Census Tract 304.14, Cobb County, Georgia",1461.0,173.0,56.0,116.0,172.0,78.0,22.0,13,067,030414
"Census Tract 305.06, Cobb County, Georgia",1879.0,46.0,168.0,62.0,302.0,167.0,19.0,13,067,030506
"Census Tract 305.07, Cobb County, Georgia",1942.0,35.0,67.0,79.0,430.0,204.0,145.0,13,067,030507
"Census Tract 306.01, Cobb County, Georgia",4499.0,195.0,101.0,596.0,1280.0,436.0,145.0,13,067,030601
"Census Tract 306.02, Cobb County, Georgia",3117.0,120.0,143.0,162.0,278.0,321.0,560.0,13,067,030602
"Census Tract 311.13, Cobb County, Georgia",744.0,37.0,7.0,34.0,29.0,6.0,18.0,13,067,031113
"Census Tract 311.14, Cobb County, Georgia",3692.0,360.0,181.0,191.0,675.0,218.0,14.0,13,067,031114
"Census Tract 301.04, Cobb County, Georgia",1512.0,103.0,71.0,60.0,229.0,184.0,17.0,13,067,030104
"Census Tract 301.06, Cobb County, Georgia",2628.0,39.0,184.0,127.0,493.0,276.0,22.0,13,067,030106
"Census Tract 301.07, Cobb County, Georgia",1692.0,10.0,32.0,52.0,179.0,241.0,85.0,13,067,030107
"Census Tract 302.18, Cobb County, Georgia",1662.0,0.0,18.0,9.0,149.0,230.0,369.0,13,067,030218
"Census Tract 302.19, Cobb County, Georgia",3301.0,61.0,27.0,113.0,479.0,389.0,714.0,13,067,030219
"Census Tract 302.22, Cobb County, Georgia",2030.0,30.0,46.0,45.0,271.0,321.0,247.0,13,067,030222
"Census Tract 302.23, Cobb County, Georgia",2386.0,123.0,82.0,101.0,357.0,428.0,65.0,13,067,030223
"Census Tract 302.20, Cobb County, Georgia",581.0,55.0,8.0,45.0,78.0,68.0,36.0,13,067,030220
"Census Tract 302.24, Cobb County, Georgia",2317.0,134.0,61.0,65.0,411.0,240.0,212.0,13,067,030224
"Census Tract 302.26, Cobb County, Georgia",4034.0,182.0,111.0,175.0,829.0,518.0,260.0,13,067,030226
"Census Tract 302.27, Cobb County, Georgia",3098.0,160.0,80.0,165.0,481.0,200.0,118.0,13,067,030227
"Census Tract 302.29, Cobb County, Georgia",1353.0,70.0,54.0,77.0,233.0,105.0,124.0,13,067,030229
"Census Tract 302.31, Cobb County, Georgia",2912.0,87.0,80.0,120.0,472.0,350.0,560.0,13,067,030231
"Census Tract 311.15, Cobb County, Georgia",1720.0,102.0,144.0,9.0,306.0,170.0,81.0,13,067,031115
"Census Tract 311.16, Cobb County, Georgia",1761.0,219.0,59.0,152.0,195.0,106.0,43.0,13,067,031116
"Census Tract 311.17, Cobb County, Georgia",2238.0,64.0,106.0,145.0,308.0,332.0,227.0,13,067,031117
"Census Tract 311.18, Cobb County, Georgia",2412.0,43.0,26.0,133.0,343.0,257.0,234.0,13,067,031118
"Census Tract 312.05, Cobb County, Georgia",2865.0,38.0,139.0,111.0,462.0,236.0,413.0,13,067,031205
"Census Tract 312.06, Cobb County, Georgia",5361.0,208.0,283.0,171.0,717.0,637.0,829.0,13,067,031206
"Census Tract 312.07, Cobb County, Georgia",2690.0,29.0,185.0,145.0,536.0,258.0,300.0,13,067,031207
"Census Tract 312.08, Cobb County, Georgia",3082.0,60.0,124.0,29.0,578.0,407.0,189.0,13,067,031208
"Census Tract 303.29, Cobb County, Georgia",1669.0,28.0,38.0,48.0,184.0,235.0,198.0,13,067,030329
"Census Tract 303.37, Cobb County, Georgia",1587.0,16.0,8.0,20.0,102.0,123.0,673.0,13,067,030337
"Census Tract 309.01, Cobb County, Georgia",3261.0,60.0,258.0,64.0,410.0,238.0,456.0,13,067,030901
"Census Tract 311.11, Cobb County, Georgia",1959.0,116.0,43.0,89.0,237.0,307.0,187.0,13,067,031111
"Census Tract 315.05, Cobb County, Georgia",2244.0,33.0,77.0,101.0,296.0,238.0,69.0,13,067,031505
"Census Tract 302.15, Cobb County, Georgia",3189.0,40.0,67.0,42.0,565.0,408.0,172.0,13,067,030215
"Census Tract 303.13, Cobb County, Georgia",3019.0,70.0,116.0,92.0,381.0,349.0,90.0,13,067,030313
"Census Tract 303.18, Cobb County, Georgia",2776.0,42.0,42.0,66.0,233.0,260.0,847.0,13,067,030318
"Census Tract 309.04, Cobb County, Georgia",2557.0,236.0,133.0,328.0,250.0,100.0,0.0,13,067,030904
"Census Tract 310.02, Cobb County, Georgia",3279.0,238.0,317.0,65.0,381.0,109.0,14.0,13,067,031002
"Census Tract 313.11, Cobb County, Georgia",3527.0,310.0,282.0,158.0,393.0,358.0,44.0,13,067,031311
"Census Tract 314.06, Cobb County, Georgia",3295.0,509.0,185.0,57.0,370.0,174.0,0.0,13,067,031406
"Census Tract 303.19, Cobb County, Georgia",1762.0,70.0,127.0,43.0,222.0,197.0,463.0,13,067,030319
"Census Tract 303.22, Cobb County, Georgia",1194.0,9.0,26.0,51.0,172.0,188.0,168.0,13,067,030322
"Census Tract 303.33, Cobb County, Georgia",2156.0,73.0,46.0,45.0,205.0,133.0,566.0,13,067,030333
"Census Tract 314.04, Cobb County, Georgia",2164.0,68.0,14.0,107.0,408.0,355.0,122.0,13,067,031404
"Census Tract 301.01, Cobb County, Georgia",2746.0,222.0,151.0,80.0,405.0,230.0,201.0,13,067,030101
"Census Tract 302.14, Cobb County, Georgia",2950.0,34.0,62.0,77.0,412.0,256.0,221.0,13,067,030214
"Census Tract 303.34, Cobb County, Georgia",1258.0,55.0,28.0,15.0,197.0,121.0,302.0,13,067,030334
"Census Tract 303.24, Cobb County, Georgia",1225.0,0.0,6.0,16.0,147.0,124.0,195.0,13,067,030324
"Census Tract 303.31, Cobb County, Georgia",1983.0,33.0,0.0,30.0,332.0,215.0,417.0,13,067,030331
"Census Tract 211.02, DeKalb County, Georgia",3203.0,182.0,46.0,130.0,493.0,283.0,768.0,13,089,021102
"Census Tract 212.16, DeKalb County, Georgia",4112.0,76.0,147.0,59.0,813.0,538.0,603.0,13,089,021216
"Census Tract 211.01, DeKalb County, Georgia",1468.0,26.0,90.0,41.0,107.0,36.0,573.0,13,089,021101
"Census Tract 212.15, DeKalb County, Georgia",2638.0,70.0,92.0,26.0,512.0,339.0,434.0,13,089,021215
"Census Tract 212.17, DeKalb County, Georgia",950.0,34.0,24.0,35.0,148.0,143.0,144.0,13,089,021217
"Census Tract 212.18, DeKalb County, Georgia",3450.0,150.0,127.0,190.0,574.0,238.0,152.0,13,089,021218
"Census Tract 213.05, DeKalb County, Georgia",1492.0,90.0,145.0,80.0,195.0,163.0,51.0,13,089,021305
"Census Tract 202, DeKalb County, Georgia",983.0,57.0,8.0,6.0,231.0,92.0,177.0,13,089,020200
"Census Tract 213.03, DeKalb County, Georgia",1695.0,78.0,151.0,64.0,146.0,160.0,5.0,13,089,021303
"Census Tract 214.05, DeKalb County, Georgia",2281.0,121.0,84.0,10.0,275.0,182.0,654.0,13,089,021405
"Census Tract 204, DeKalb County, Georgia",1245.0,50.0,21.0,23.0,166.0,123.0,310.0,13,089,020400
"Census Tract 208.01, DeKalb County, Georgia",1046.0,35.0,36.0,7.0,229.0,105.0,174.0,13,089,020801
"Census Tract 212.10, DeKalb County, Georgia",1987.0,48.0,0.0,0.0,136.0,119.0,748.0,13,089,021210
"Census Tract 212.11, DeKalb County, Georgia",2044.0,68.0,65.0,95.0,273.0,264.0,422.0,13,089,021211
"Census Tract 217.06, DeKalb County, Georgia",2325.0,113.0,39.0,51.0,427.0,112.0,384.0,13,089,021706
"Census Tract 230, DeKalb County, Georgia",973.0,32.0,18.0,18.0,122.0,108.0,180.0,13,089,023000
"Census Tract 218.12, DeKalb County, Georgia",858.0,54.0,56.0,3.0,86.0,98.0,101.0,13,089,021812
"Census Tract 219.07, DeKalb County, Georgia",3567.0,149.0,183.0,182.0,352.0,480.0,136.0,13,089,021907
"Census Tract 223.01, DeKalb County, Georgia",3075.0,349.0,73.0,36.0,348.0,362.0,272.0,13,089,022301
"Census Tract 231.01, DeKalb County, Georgia",1721.0,46.0,90.0,138.0,257.0,124.0,25.0,13,089,023101
"Census Tract 231.08, DeKalb County, Georgia",1843.0,235.0,227.0,32.0,204.0,79.0,8.0,13,089,023108
"Census Tract 218.10, DeKalb County, Georgia",2708.0,106.0,100.0,170.0,357.0,309.0,276.0,13,089,021810
"Census Tract 220.08, DeKalb County, Georgia",2271.0,250.0,174.0,16.0,107.0,48.0,27.0,13,089,022008
"Census Tract 229, DeKalb County, Georgia",1678.0,127.0,16.0,65.0,181.0,236.0,174.0,13,089,022900
"Census Tract 231.02, DeKalb County, Georgia",1539.0,143.0,131.0,83.0,84.0,109.0,87.0,13,089,023102
"Census Tract 234.10, DeKalb County, Georgia",1701.0,190.0,162.0,51.0,121.0,40.0,14.0,13,089,023410
"Census Tract 213.06, DeKalb County, Georgia",1941.0,115.0,97.0,98.0,344.0,56.0,20.0,13,089,021306
"Census Tract 213.07, DeKalb County, Georgia",1245.0,47.0,96.0,64.0,98.0,113.0,15.0,13,089,021307
"Census Tract 213.08, DeKalb County, Georgia",1523.0,34.0,59.0,65.0,198.0,120.0,50.0,13,089,021308
"Census Tract 214.09, DeKalb County, Georgia",1339.0,34.0,59.0,82.0,195.0,89.0,23.0,13,089,021409
"Census Tract 214.10, DeKalb County, Georgia",2062.0,62.0,100.0,230.0,272.0,220.0,73.0,13,089,021410
"Census Tract 214.11, DeKalb County, Georgia",1788.0,87.0,67.0,99.0,131.0,202.0,293.0,13,089,021411
"Census Tract 214.12, DeKalb County, Georgia",1405.0,17.0,10.0,19.0,156.0,196.0,505.0,13,089,021412
"Census Tract 214.13, DeKalb County, Georgia",1246.0,62.0,44.0,86.0,77.0,48.0,99.0,13,089,021413
"Census Tract 214.14, DeKalb County, Georgia",1646.0,108.0,116.0,59.0,118.0,75.0,108.0,13,089,021414
"Census Tract 214.15, DeKalb County, Georgia",1703.0,35.0,22.0,90.0,189.0,187.0,440.0,13,089,021415
"Census Tract 214.16, DeKalb County, Georgia",855.0,18.0,44.0,8.0,84.0,104.0,148.0,13,089,021416
"Census Tract 214.17, DeKalb County, Georgia",2151.0,69.0,119.0,111.0,322.0,106.0,52.0,13,089,021417
"Census Tract 216.05, DeKalb County, Georgia",2589.0,147.0,29.0,135.0,380.0,210.0,374.0,13,089,021605
"Census Tract 218.13, DeKalb County, Georgia",1180.0,50.0,78.0,123.0,97.0,37.0,0.0,13,089,021813
"Census Tract 218.14, DeKalb County, Georgia",2321.0,45.0,272.0,165.0,182.0,140.0,44.0,13,089,021814
"Census Tract 219.11, DeKalb County, Georgia",777.0,56.0,42.0,21.0,19.0,14.0,0.0,13,089,021911
"Census Tract 215.03, DeKalb County, Georgia",1516.0,106.0,84.0,37.0,203.0,91.0,196.0,13,089,021503
"Census Tract 215.04, DeKalb County, Georgia",2514.0,112.0,108.0,94.0,345.0,247.0,521.0,13,089,021504
"Census Tract 233.15, DeKalb County, Georgia",2014.0,37.0,20.0,53.0,382.0,307.0,106.0,13,089,023315
"Census Tract 233.16, DeKalb County, Georgia",2932.0,143.0,116.0,68.0,251.0,305.0,100.0,13,089,023316
"Census Tract 234.19, DeKalb County, Georgia",3524.0,67.0,90.0,149.0,499.0,331.0,151.0,13,089,023419
"Census Tract 234.21, DeKalb County, Georgia",3405.0,399.0,212.0,156.0,365.0,272.0,57.0,13,089,023421
"Census Tract 234.23, DeKalb County, Georgia",2693.0,94.0,119.0,78.0,759.0,377.0,0.0,13,089,023423
"Census Tract 234.25, DeKalb County, Georgia",1977.0,105.0,97.0,64.0,298.0,174.0,119.0,13,089,023425
"Census Tract 234.26, DeKalb County, Georgia",1615.0,38.0,66.0,37.0,207.0,299.0,83.0,13,089,023426
"Census Tract 234.27, DeKalb County, Georgia",969.0,77.0,60.0,30.0,152.0,71.0,35.0,13,089,023427
"Census Tract 234.28, DeKalb County, Georgia",3806.0,260.0,280.0,141.0,388.0,100.0,0.0,13,089,023428
"Census Tract 9800, DeKalb County, Georgia",0.0,0.0,0.0,0.0,0.0,0.0,0.0,13,089,980000
"Census Tract 234.22, DeKalb County, Georgia",1884.0,109.0,85.0,93.0,400.0,230.0,9.0,13,089,023422
"Census Tract 234.24, DeKalb County, Georgia",1755.0,108.0,54.0,87.0,385.0,151.0,44.0,13,089,023424
"Census Tract 212.14, DeKalb County, Georgia",2181.0,55.0,47.0,86.0,134.0,240.0,939.0,13,089,021214
"Census Tract 212.09, DeKalb County, Georgia",3492.0,332.0,141.0,142.0,353.0,364.0,567.0,13,089,021209
"Census Tract 234.18, DeKalb County, Georgia",6723.0,371.0,341.0,458.0,738.0,753.0,76.0,13,089,023418
"Census Tract 233.03, DeKalb County, Georgia",2650.0,319.0,229.0,56.0,257.0,128.0,62.0,13,089,023303
"Census Tract 215.02, DeKalb County, Georgia",2418.0,154.0,123.0,71.0,281.0,143.0,286.0,13,089,021502
"Census Tract 225, DeKalb County, Georgia",2662.0,237.0,36.0,83.0,212.0,136.0,684.0,13,089,022500
"Census Tract 216.03, DeKalb County, Georgia",2511.0,129.0,75.0,140.0,410.0,183.0,169.0,13,089,021603
"Census Tract 218.06, DeKalb County, Georgia",2517.0,135.0,149.0,122.0,455.0,316.0,141.0,13,089,021806
"Census Tract 223.02, DeKalb County, Georgia",2052.0,77.0,26.0,85.0,328.0,301.0,232.0,13,089,022302
"Census Tract 224.02, DeKalb County, Georgia",1103.0,343.0,58.0,26.0,71.0,57.0,64.0,13,089,022402
"Census Tract 228, DeKalb County, Georgia",1308.0,33.0,38.0,6.0,178.0,85.0,443.0,13,089,022800
"Census Tract 232.09, DeKalb County, Georgia",1849.0,107.0,80.0,127.0,226.0,192.0,70.0,13,089,023209
"Census Tract 232.11, DeKalb County, Georgia",1379.0,54.0,72.0,88.0,96.0,121.0,61.0,13,089,023211
"Census Tract 233.09, DeKalb County, Georgia",3768.0,273.0,362.0,126.0,568.0,326.0,39.0,13,089,023309
"Census Tract 233.10, DeKalb County, Georgia",4101.0,302.0,379.0,170.0,383.0,146.0,45.0,13,089,023310
"Census Tract 234.14, DeKalb County, Georgia",2408.0,118.0,59.0,99.0,407.0,330.0,113.0,13,089,023414
"Census Tract 236.01, DeKalb County, Georgia",1171.0,57.0,22.0,6.0,198.0,106.0,104.0,13,089,023601
"Census Tract 218.09, DeKalb County, Georgia",2687.0,15.0,185.0,72.0,313.0,221.0,341.0,13,089,021809
"Census Tract 219.06, DeKalb County, Georgia",1875.0,122.0,130.0,137.0,255.0,152.0,8.0,13,089,021906
"Census Tract 220.05, DeKalb County, Georgia",1751.0,152.0,208.0,140.0,152.0,73.0,0.0,13,089,022005
"Census Tract 226, DeKalb County, Georgia",2970.0,135.0,124.0,48.0,405.0,190.0,573.0,13,089,022600
"Census Tract 231.07, DeKalb County, Georgia",1661.0,131.0,140.0,83.0,224.0,56.0,72.0,13,089,023107
"Census Tract 235.01, DeKalb County, Georgia",1290.0,86.0,39.0,60.0,60.0,67.0,0.0,13,089,023501
"Census Tract 236.03, DeKalb County, Georgia",1456.0,118.0,74.0,136.0,146.0,117.0,0.0,13,089,023603
"Census Tract 237, DeKalb County, Georgia",2451.0,373.0,101.0,38.0,181.0,100.0,84.0,13,089,023700
"Census Tract 238.01, DeKalb County, Georgia",1749.0,72.0,26.0,93.0,158.0,187.0,253.0,13,089,023801
"Census Tract 232.10, DeKalb County, Georgia",2694.0,235.0,296.0,82.0,212.0,178.0,0.0,13,089,023210
"Census Tract 232.13, DeKalb County, Georgia",2311.0,182.0,139.0,115.0,391.0,99.0,71.0,13,089,023213
"Census Tract 232.14, DeKalb County, Georgia",2396.0,180.0,117.0,265.0,360.0,151.0,0.0,13,089,023214
"Census Tract 231.15, DeKalb County, Georgia",0.0,0.0,0.0,0.0,0.0,0.0,0.0,13,089,023115
"Census Tract 233.11, DeKalb County, Georgia",1546.0,30.0,55.0,49.0,273.0,192.0,81.0,13,089,023311
"Census Tract 233.12, DeKalb County, Georgia",3543.0,37.0,114.0,124.0,543.0,459.0,283.0,13,089,023312
"Census Tract 233.13, DeKalb County, Georgia",1647.0,35.0,56.0,151.0,235.0,107.0,56.0,13,089,023313
"Census Tract 233.14, DeKalb County, Georgia",2214.0,147.0,258.0,65.0,210.0,106.0,0.0,13,089,023314
"Census Tract 208.02, DeKalb County, Georgia",1736.0,189.0,28.0,89.0,168.0,108.0,271.0,13,089,020802
"Census Tract 217.03, DeKalb County, Georgia",1764.0,63.0,29.0,8.0,232.0,83.0,564.0,13,089,021703
"Census Tract 218.08, DeKalb County, Georgia",1634.0,72.0,109.0,63.0,214.0,235.0,116.0,13,089,021808
"Census Tract 219.08, DeKalb County, Georgia",2022.0,154.0,43.0,133.0,158.0,36.0,0.0,13,089,021908
"Census Tract 219.09, DeKalb County, Georgia",2694.0,375.0,201.0,258.0,98.0,70.0,50.0,13,089,021909
"Census Tract 212.02, DeKalb County, Georgia",3355.0,66.0,114.0,124.0,482.0,336.0,956.0,13,089,021202
"Census Tract 235.05, DeKalb County, Georgia",1093.0,81.0,91.0,10.0,52.0,112.0,25.0,13,089,023505
"Census Tract 224.03, DeKalb County, Georgia",1450.0,35.0,0.0,23.0,162.0,79.0,660.0,13,089,022403
"Census Tract 235.07, DeKalb County, Georgia",1522.0,143.0,34.0,137.0,261.0,83.0,6.0,13,089,023507
"Census Tract 238.03, DeKalb County, Georgia",2035.0,170.0,93.0,87.0,271.0,215.0,71.0,13,089,023803
"Census Tract 203, DeKalb County, Georgia",1675.0,88.0,19.0,78.0,173.0,115.0,511.0,13,089,020300
"Census Tract 206, DeKalb County, Georgia",963.0,138.0,22.0,39.0,124.0,74.0,117.0,13,089,020600
"Census Tract 216.04, DeKalb County, Georgia",1261.0,27.0,0.0,27.0,129.0,77.0,509.0,13,089,021604
"Census Tract 219.10, DeKalb County, Georgia",2199.0,191.0,227.0,64.0,288.0,124.0,51.0,13,089,021910
"Census Tract 219.12, DeKalb County, Georgia",1447.0,51.0,10.0,37.0,76.0,181.0,523.0,13,089,021912
"Census Tract 219.13, DeKalb County, Georgia",1977.0,221.0,269.0,94.0,147.0,25.0,37.0,13,089,021913
"Census Tract 220.09, DeKalb County, Georgia",1831.0,94.0,85.0,72.0,229.0,65.0,0.0,13,089,022009
"Census Tract 220.10, DeKalb County, Georgia",652.0,5.0,40.0,35.0,90.0,75.0,11.0,13,089,022010
"Census Tract 222.03, DeKalb County, Georgia",1170.0,53.0,50.0,19.0,197.0,102.0,84.0,13,089,022203
"Census Tract 222.04, DeKalb County, Georgia",2809.0,142.0,93.0,61.0,484.0,359.0,207.0,13,089,022204
"Census Tract 231.11, DeKalb County, Georgia",675.0,32.0,18.0,44.0,88.0,60.0,27.0,13,089,023111
"Census Tract 231.12, DeKalb County, Georgia",2072.0,385.0,72.0,135.0,124.0,26.0,5.0,13,089,023112
"Census Tract 231.13, DeKalb County, Georgia",1273.0,74.0,196.0,38.0,142.0,58.0,123.0,13,089,023113
"Census Tract 231.14, DeKalb County, Georgia",840.0,39.0,38.0,47.0,109.0,72.0,0.0,13,089,023114
"Census Tract 216.02, DeKalb County, Georgia",1858.0,18.0,45.0,87.0,250.0,147.0,280.0,13,089,021602
"Census Tract 217.04, DeKalb County, Georgia",2245.0,41.0,60.0,49.0,225.0,193.0,394.0,13,089,021704
"Census Tract 217.05, DeKalb County, Georgia",2117.0,191.0,100.0,127.0,123.0,93.0,132.0,13,089,021705
"Census Tract 220.01, DeKalb County, Georgia",1968.0,55.0,49.0,96.0,230.0,306.0,44.0,13,089,022001
"Census Tract 220.07, DeKalb County, Georgia",1104.0,105.0,57.0,106.0,53.0,13.0,0.0,13,089,022007
"Census Tract 224.01, DeKalb County, Georgia",1847.0,77.0,77.0,9.0,167.0,196.0,559.0,13,089,022401
"Census Tract 221, DeKalb County, Georgia",1475.0,101.0,91.0,49.0,121.0,111.0,58.0,13,089,022100
"Census Tract 227, DeKalb County, Georgia",1730.0,75.0,70.0,24.0,115.0,164.0,452.0,13,089,022700
"Census Tract 232.04, DeKalb County, Georgia",2249.0,149.0,94.0,118.0,429.0,247.0,31.0,13,089,023204
"Census Tract 235.06, DeKalb County, Georgia",2099.0,121.0,136.0,339.0,300.0,192.0,71.0,13,089,023506
"Census Tract 234.12, DeKalb County, Georgia",2087.0,139.0,128.0,115.0,229.0,192.0,55.0,13,089,023412
"Census Tract 234.16, DeKalb County, Georgia",2452.0,209.0,189.0,106.0,306.0,309.0,95.0,13,089,023416
"Census Tract 205, DeKalb County, Georgia",1513.0,173.0,0.0,22.0,165.0,228.0,121.0,13,089,020500
"Census Tract 209, DeKalb County, Georgia",2742.0,248.0,146.0,29.0,219.0,237.0,278.0,13,089,020900
"Census Tract 207, DeKalb County, Georgia",1058.0,37.0,30.0,41.0,77.0,143.0,130.0,13,089,020700
"Census Tract 212.04, DeKalb County, Georgia",780.0,21.0,51.0,68.0,45.0,8.0,0.0,13,089,021204
"Census Tract 212.13, DeKalb County, Georgia",1205.0,0.0,12.0,40.0,117.0,0.0,428.0,13,089,021213
"Census Tract 218.05, DeKalb County, Georgia",2605.0,57.0,185.0,0.0,441.0,258.0,148.0,13,089,021805
"Census Tract 220.04, DeKalb County, Georgia",1597.0,47.0,97.0,70.0,137.0,159.0,91.0,13,089,022004
"Census Tract 232.08, DeKalb County, Georgia",2394.0,118.0,135.0,233.0,273.0,172.0,11.0,13,089,023208
"Census Tract 232.12, DeKalb County, Georgia",1369.0,61.0,44.0,34.0,255.0,76.0,9.0,13,089,023212
"Census Tract 235.04, DeKalb County, Georgia",1304.0,135.0,100.0,149.0,45.0,63.0,14.0,13,089,023504
"Census Tract 236.02, DeKalb County, Georgia",822.0,34.0,52.0,65.0,117.0,26.0,21.0,13,089,023602
"Census Tract 201, DeKalb County, Georgia",737.0,36.0,0.0,13.0,55.0,47.0,333.0,13,089,020100
"Census Tract 213.01, DeKalb County, Georgia",1720.0,48.0,333.0,127.0,162.0,107.0,65.0,13,089,021301
"Census Tract 233.06, DeKalb County, Georgia",2502.0,87.0,166.0,131.0,467.0,211.0,92.0,13,089,023306
"Census Tract 232.06, DeKalb County, Georgia",2841.0,315.0,107.0,140.0,436.0,186.0,18.0,13,089,023206
"Census Tract 234.11, DeKalb County, Georgia",1480.0,116.0,93.0,120.0,144.0,62.0,50.0,13,089,023411
"Census Tract 234.13, DeKalb County, Georgia",1327.0,46.0,100.0,16.0,163.0,126.0,49.0,13,089,023413
"Census Tract 238.02, DeKalb County, Georgia",1356.0,117.0,129.0,118.0,160.0,100.0,41.0,13,089,023802
"Census Tract 212.08, DeKalb County, Georgia",1942.0,147.0,30.0,70.0,279.0,156.0,210.0,13,089,021208
"Census Tract 101.22, Fulton County, Georgia",3060.0,89.0,102.0,81.0,638.0,519.0,492.0,13,121,010122
"Census Tract 101.23, Fulton County, Georgia",2297.0,64.0,80.0,97.0,278.0,367.0,175.0,13,121,010123
"Census Tract 102.11, Fulton County, Georgia",1119.0,18.0,13.0,37.0,114.0,105.0,416.0,13,121,010211
"Census Tract 76.02, Fulton County, Georgia",1026.0,83.0,71.0,57.0,105.0,34.0,15.0,13,121,007602
"Census Tract 17, Fulton County, Georgia",2645.0,41.0,0.0,82.0,344.0,312.0,390.0,13,121,001700
"Census Tract 78.02, Fulton County, Georgia",3759.0,295.0,135.0,194.0,281.0,294.0,208.0,13,121,007802
"Census Tract 78.05, Fulton County, Georgia",1317.0,139.0,146.0,39.0,34.0,26.0,34.0,13,121,007805
"Census Tract 97, Fulton County, Georgia",1422.0,39.0,18.0,34.0,57.0,118.0,754.0,13,121,009700
"Census Tract 102.06, Fulton County, Georgia",2271.0,106.0,8.0,87.0,159.0,185.0,1102.0,13,121,010206
"Census Tract 113.03, Fulton County, Georgia",4018.0,165.0,259.0,235.0,374.0,80.0,31.0,13,121,011303
"Census Tract 102.12, Fulton County, Georgia",1960.0,42.0,170.0,96.0,179.0,188.0,379.0,13,121,010212
"Census Tract 105.15, Fulton County, Georgia",2057.0,219.0,132.0,97.0,339.0,285.0,58.0,13,121,010515
"Census Tract 105.16, Fulton County, Georgia",2624.0,247.0,161.0,68.0,438.0,207.0,115.0,13,121,010516
"Census Tract 113.05, Fulton County, Georgia",2310.0,225.0,149.0,165.0,109.0,86.0,9.0,13,121,011305
"Census Tract 113.06, Fulton County, Georgia",998.0,145.0,41.0,47.0,82.0,48.0,8.0,13,121,011306
"Census Tract 114.16, Fulton County, Georgia",2017.0,29.0,32.0,36.0,232.0,445.0,354.0,13,121,011416
"Census Tract 114.17, Fulton County, Georgia",2283.0,90.0,78.0,86.0,252.0,300.0,377.0,13,121,011417
"Census Tract 114.18, Fulton County, Georgia",2105.0,19.0,0.0,0.0,203.0,210.0,749.0,13,121,011418
"Census Tract 52, Fulton County, Georgia",2108.0,133.0,95.0,107.0,217.0,190.0,494.0,13,121,005200
"Census Tract 64, Fulton County, Georgia",384.0,62.0,19.0,42.0,16.0,7.0,36.0,13,121,006400
"Census Tract 72, Fulton County, Georgia",690.0,57.0,33.0,50.0,54.0,14.0,0.0,13,121,007200
"Census Tract 105.08, Fulton County, Georgia",1160.0,8.0,39.0,75.0,181.0,115.0,17.0,13,121,010508
"Census Tract 4, Fulton County, Georgia",1019.0,33.0,11.0,38.0,167.0,65.0,258.0,13,121,000400
"Census Tract 1, Fulton County, Georgia",2084.0,0.0,49.0,10.0,195.0,176.0,879.0,13,121,000100
"Census Tract 6, Fulton County, Georgia",2994.0,502.0,59.0,121.0,343.0,179.0,141.0,13,121,000600
"Census Tract 35, Fulton County, Georgia",714.0,91.0,10.0,53.0,82.0,103.0,16.0,13,121,003500
"Census Tract 41, Fulton County, Georgia",741.0,61.0,40.0,28.0,147.0,95.0,26.0,13,121,004100
"Census Tract 50, Fulton County, Georgia",1414.0,17.0,61.0,51.0,287.0,91.0,137.0,13,121,005000
"Census Tract 55.02, Fulton County, Georgia",1235.0,348.0,72.0,39.0,115.0,42.0,12.0,13,121,005502
"Census Tract 61, Fulton County, Georgia",1345.0,338.0,103.0,62.0,95.0,37.0,0.0,13,121,006100
"Census Tract 63, Fulton County, Georgia",703.0,182.0,55.0,25.0,66.0,32.0,11.0,13,121,006300
"Census Tract 75, Fulton County, Georgia",1548.0,254.0,102.0,64.0,120.0,44.0,33.0,13,121,007500
"Census Tract 78.07, Fulton County, Georgia",1049.0,291.0,44.0,55.0,81.0,11.0,6.0,13,121,007807
"Census Tract 78.08, Fulton County, Georgia",1431.0,475.0,61.0,62.0,0.0,12.0,10.0,13,121,007808
"Census Tract 81.02, Fulton County, Georgia",2842.0,369.0,186.0,62.0,120.0,96.0,0.0,13,121,008102
"Census Tract 108, Fulton County, Georgia",2780.0,279.0,148.0,555.0,486.0,134.0,0.0,13,121,010800
"Census Tract 114.05, Fulton County, Georgia",2896.0,0.0,89.0,206.0,414.0,329.0,418.0,13,121,011405
"Census Tract 114.12, Fulton County, Georgia",3686.0,37.0,118.0,121.0,549.0,476.0,500.0,13,121,011412
"Census Tract 110, Fulton County, Georgia",969.0,210.0,37.0,9.0,93.0,31.0,11.0,13,121,011000
"Census Tract 111, Fulton County, Georgia",1148.0,38.0,66.0,79.0,225.0,48.0,40.0,13,121,011100
"Census Tract 21, Fulton County, Georgia",885.0,69.0,28.0,15.0,159.0,31.0,114.0,13,121,002100
"Census Tract 79, Fulton County, Georgia",2364.0,140.0,153.0,57.0,311.0,355.0,142.0,13,121,007900
"Census Tract 112.01, Fulton County, Georgia",1459.0,98.0,58.0,68.0,110.0,45.0,9.0,13,121,011201
"Census Tract 39, Fulton County, Georgia",756.0,91.0,39.0,70.0,61.0,8.0,9.0,13,121,003900
"Census Tract 102.10, Fulton County, Georgia",2801.0,13.0,31.0,153.0,440.0,287.0,462.0,13,121,010210
"Census Tract 85, Fulton County, Georgia",981.0,80.0,27.0,15.0,94.0,0.0,0.0,13,121,008500
"Census Tract 89.02, Fulton County, Georgia",4392.0,371.0,134.0,185.0,594.0,404.0,340.0,13,121,008902
"Census Tract 99, Fulton County, Georgia",2130.0,47.0,55.0,76.0,224.0,171.0,839.0,13,121,009900
"Census Tract 101.06, Fulton County, Georgia",1958.0,106.0,96.0,52.0,326.0,203.0,408.0,13,121,010106
"Census Tract 102.05, Fulton County, Georgia",2652.0,200.0,44.0,46.0,186.0,339.0,639.0,13,121,010205
"Census Tract 102.08, Fulton County, Georgia",2043.0,90.0,171.0,88.0,250.0,155.0,260.0,13,121,010208
"Census Tract 103.01, Fulton County, Georgia",6495.0,145.0,163.0,128.0,1188.0,957.0,438.0,13,121,010301
"Census Tract 105.07, Fulton County, Georgia",2416.0,197.0,146.0,256.0,264.0,212.0,63.0,13,121,010507
"Census Tract 2, Fulton County, Georgia",2696.0,56.0,29.0,9.0,228.0,306.0,1139.0,13,121,000200
"Census Tract 19, Fulton County, Georgia",1400.0,101.0,16.0,55.0,150.0,152.0,131.0,13,121,001900
"Census Tract 29, Fulton County, Georgia",1248.0,89.0,61.0,47.0,106.0,132.0,118.0,13,121,002900
"Census Tract 30, Fulton County, Georgia",1837.0,32.0,18.0,18.0,270.0,318.0,390.0,13,121,003000
"Census Tract 43, Fulton County, Georgia",606.0,121.0,21.0,0.0,84.0,18.0,53.0,13,121,004300
"Census Tract 58, Fulton County, Georgia",576.0,61.0,37.0,17.0,26.0,57.0,13.0,13,121,005800
"Census Tract 83.01, Fulton County, Georgia",883.0,107.0,68.0,51.0,35.0,35.0,0.0,13,121,008301
"Census Tract 73, Fulton County, Georgia",2891.0,379.0,256.0,171.0,150.0,73.0,28.0,13,121,007300
"Census Tract 78.06, Fulton County, Georgia",2412.0,157.0,157.0,251.0,180.0,15.0,0.0,13,121,007806
"Census Tract 80, Fulton County, Georgia",1941.0,170.0,140.0,127.0,149.0,152.0,104.0,13,121,008000
"Census Tract 84, Fulton County, Georgia",1187.0,216.0,78.0,31.0,47.0,0.0,22.0,13,121,008400
"Census Tract 86.02, Fulton County, Georgia",602.0,16.0,64.0,43.0,17.0,24.0,6.0,13,121,008602
"Census Tract 90, Fulton County, Georgia",2249.0,31.0,8.0,64.0,218.0,245.0,700.0,13,121,009000
"Census Tract 93, Fulton County, Georgia",2517.0,160.0,35.0,59.0,171.0,166.0,693.0,13,121,009300
"Census Tract 94.02, Fulton County, Georgia",2884.0,262.0,70.0,79.0,475.0,256.0,231.0,13,121,009402
"Census Tract 101.07, Fulton County, Georgia",742.0,0.0,4.0,14.0,31.0,57.0,376.0,13,121,010107
"Census Tract 103.04, Fulton County, Georgia",5166.0,122.0,281.0,123.0,1084.0,540.0,386.0,13,121,010304
"Census Tract 106.03, Fulton County, Georgia",1517.0,106.0,74.0,92.0,197.0,30.0,7.0,13,121,010603
"Census Tract 37, Fulton County, Georgia",164.0,37.0,0.0,0.0,0.0,0.0,0.0,13,121,003700
"Census Tract 24, Fulton County, Georgia",986.0,116.0,41.0,45.0,152.0,13.0,20.0,13,121,002400
"Census Tract 25, Fulton County, Georgia",1050.0,135.0,92.0,50.0,31.0,34.0,4.0,13,121,002500
"Census Tract 26, Fulton County, Georgia",584.0,121.0,44.0,36.0,50.0,21.0,13.0,13,121,002600
"Census Tract 44, Fulton County, Georgia",1304.0,234.0,162.0,0.0,31.0,0.0,0.0,13,121,004400
"Census Tract 86.01, Fulton County, Georgia",1712.0,465.0,107.0,62.0,95.0,21.0,0.0,13,121,008601
"Census Tract 74, Fulton County, Georgia",1246.0,316.0,41.0,52.0,35.0,8.0,0.0,13,121,007400
"Census Tract 82.01, Fulton County, Georgia",2591.0,309.0,194.0,399.0,127.0,63.0,32.0,13,121,008201
"Census Tract 82.02, Fulton County, Georgia",768.0,85.0,56.0,30.0,65.0,9.0,0.0,13,121,008202
"Census Tract 101.08, Fulton County, Georgia",1620.0,41.0,51.0,57.0,122.0,73.0,570.0,13,121,010108
"Census Tract 101.10, Fulton County, Georgia",3909.0,122.0,49.0,51.0,491.0,178.0,617.0,13,121,010110
"Census Tract 103.03, Fulton County, Georgia",4104.0,334.0,88.0,232.0,607.0,310.0,491.0,13,121,010303
"Census Tract 67, Fulton County, Georgia",1644.0,228.0,20.0,88.0,154.0,25.0,13.0,13,121,006700
"Census Tract 69, Fulton County, Georgia",1384.0,126.0,49.0,119.0,191.0,133.0,89.0,13,121,006900
"Census Tract 70.02, Fulton County, Georgia",969.0,50.0,48.0,34.0,80.0,22.0,19.0,13,121,007002
"Census Tract 71, Fulton County, Georgia",891.0,129.0,37.0,48.0,41.0,43.0,0.0,13,121,007100
"Census Tract 83.02, Fulton County, Georgia",784.0,128.0,65.0,23.0,54.0,6.0,6.0,13,121,008302
"Census Tract 92, Fulton County, Georgia",3820.0,157.0,140.0,112.0,771.0,291.0,281.0,13,121,009200
"Census Tract 102.04, Fulton County, Georgia",1872.0,17.0,15.0,23.0,136.0,121.0,837.0,13,121,010204
"Census Tract 102.09, Fulton County, Georgia",2842.0,55.0,143.0,229.0,468.0,213.0,112.0,13,121,010209
"Census Tract 104, Fulton County, Georgia",3220.0,270.0,195.0,284.0,334.0,263.0,206.0,13,121,010400
"Census Tract 15, Fulton County, Georgia",2405.0,269.0,67.0,47.0,297.0,173.0,379.0,13,121,001500
"Census Tract 23, Fulton County, Georgia",525.0,90.0,13.0,35.0,30.0,14.0,0.0,13,121,002300
"Census Tract 114.19, Fulton County, Georgia",2427.0,99.0,52.0,38.0,247.0,169.0,647.0,13,121,011419
"Census Tract 114.20, Fulton County, Georgia",2319.0,64.0,159.0,84.0,245.0,49.0,0.0,13,121,011420
"Census Tract 114.21, Fulton County, Georgia",1616.0,41.0,108.0,90.0,171.0,152.0,9.0,13,121,011421
"Census Tract 114.22, Fulton County, Georgia",1602.0,23.0,11.0,32.0,183.0,79.0,204.0,13,121,011422
"Census Tract 114.23, Fulton County, Georgia",1734.0,64.0,34.0,14.0,162.0,182.0,418.0,13,121,011423
"Census Tract 114.24, Fulton County, Georgia",2078.0,42.0,95.0,65.0,333.0,177.0,316.0,13,121,011424
"Census Tract 114.25, Fulton County, Georgia",2331.0,48.0,16.0,34.0,192.0,136.0,950.0,13,121,011425
"Census Tract 114.26, Fulton County, Georgia",771.0,0.0,22.0,26.0,62.0,91.0,240.0,13,121,011426
"Census Tract 114.27, Fulton County, Georgia",2904.0,13.0,14.0,54.0,264.0,397.0,655.0,13,121,011427
"Census Tract 115.03, Fulton County, Georgia",3596.0,0.0,36.0,51.0,364.0,261.0,1527.0,13,121,011503
"Census Tract 115.04, Fulton County, Georgia",4346.0,104.0,13.0,0.0,229.0,379.0,2590.0,13,121,011504
"Census Tract 115.05, Fulton County, Georgia",1294.0,18.0,0.0,17.0,122.0,163.0,513.0,13,121,011505
"Census Tract 115.06, Fulton County, Georgia",2052.0,29.0,26.0,16.0,131.0,224.0,755.0,13,121,011506
"Census Tract 116.10, Fulton County, Georgia",2069.0,11.0,70.0,40.0,268.0,238.0,551.0,13,121,011610
"Census Tract 116.11, Fulton County, Georgia",3433.0,75.0,217.0,222.0,422.0,355.0,164.0,13,121,011611
"Census Tract 116.12, Fulton County, Georgia",1233.0,7.0,0.0,0.0,157.0,71.0,380.0,13,121,011612
"Census Tract 116.13, Fulton County, Georgia",2339.0,113.0,135.0,15.0,261.0,282.0,474.0,13,121,011613
"Census Tract 116.14, Fulton County, Georgia",6233.0,438.0,75.0,508.0,862.0,741.0,381.0,13,121,011614
"Census Tract 116.15, Fulton County, Georgia",3631.0,81.0,50.0,16.0,294.0,286.0,1396.0,13,121,011615
"Census Tract 116.16, Fulton County, Georgia",2862.0,24.0,67.0,18.0,213.0,567.0,377.0,13,121,011616
"Census Tract 116.17, Fulton County, Georgia",2806.0,91.0,20.0,117.0,320.0,280.0,892.0,13,121,011617
"Census Tract 116.18, Fulton County, Georgia",1602.0,32.0,30.0,32.0,208.0,124.0,585.0,13,121,011618
"Census Tract 116.19, Fulton County, Georgia",3077.0,30.0,54.0,105.0,466.0,386.0,471.0,13,121,011619
"Census Tract 116.20, Fulton County, Georgia",3387.0,29.0,128.0,40.0,259.0,447.0,920.0,13,121,011620
"Census Tract 116.21, Fulton County, Georgia",2436.0,41.0,38.0,87.0,372.0,126.0,975.0,13,121,011621
"Census Tract 116.22, Fulton County, Georgia",3379.0,115.0,23.0,135.0,352.0,364.0,1068.0,13,121,011622
"Census Tract 116.23, Fulton County, Georgia",4370.0,82.0,32.0,164.0,477.0,641.0,848.0,13,121,011623
"Census Tract 116.24, Fulton County, Georgia",1205.0,0.0,12.0,0.0,42.0,179.0,563.0,13,121,011624
"Census Tract 116.25, Fulton County, Georgia",2610.0,32.0,51.0,121.0,179.0,314.0,534.0,13,121,011625
"Census Tract 116.26, Fulton County, Georgia",3184.0,140.0,88.0,74.0,535.0,365.0,688.0,13,121,011626
"Census Tract 118, Fulton County, Georgia",923.0,197.0,33.0,51.0,84.0,17.0,0.0,13,121,011800
"Census Tract 119, Fulton County, Georgia",1835.0,418.0,83.0,53.0,141.0,49.0,65.0,13,121,011900
"Census Tract 120, Fulton County, Georgia",1383.0,188.0,161.0,89.0,59.0,0.0,31.0,13,121,012000
"Census Tract 105.11, Fulton County, Georgia",2830.0,158.0,58.0,177.0,316.0,157.0,23.0,13,121,010511
"Census Tract 105.14, Fulton County, Georgia",4473.0,337.0,151.0,236.0,1045.0,449.0,29.0,13,121,010514
"Census Tract 113.01, Fulton County, Georgia",1636.0,132.0,67.0,89.0,178.0,140.0,64.0,13,121,011301
"Census Tract 114.10, Fulton County, Georgia",2572.0,47.0,52.0,177.0,91.0,300.0,754.0,13,121,011410
"Census Tract 114.11, Fulton County, Georgia",3052.0,27.0,139.0,41.0,170.0,380.0,451.0,13,121,011411
"Census Tract 114.14, Fulton County, Georgia",2870.0,126.0,197.0,146.0,352.0,286.0,291.0,13,121,011414
"Census Tract 68.02, Fulton County, Georgia",533.0,199.0,13.0,0.0,17.0,5.0,4.0,13,121,006802
"Census Tract 62, Fulton County, Georgia",522.0,40.0,32.0,55.0,43.0,53.0,0.0,13,121,006200
"Census Tract 65, Fulton County, Georgia",1449.0,217.0,48.0,34.0,224.0,132.0,54.0,13,121,006500
"Census Tract 10.02, Fulton County, Georgia",516.0,137.0,24.0,21.0,48.0,5.0,6.0,13,121,001002
"Census Tract 12.02, Fulton County, Georgia",3412.0,217.0,175.0,12.0,463.0,421.0,546.0,13,121,001202
"Census Tract 10.01, Fulton County, Georgia",1020.0,59.0,12.0,0.0,106.0,162.0,138.0,13,121,001001
"Census Tract 12.01, Fulton County, Georgia",2888.0,302.0,56.0,58.0,382.0,248.0,367.0,13,121,001201
"Census Tract 76.03, Fulton County, Georgia",2214.0,812.0,97.0,38.0,90.0,102.0,0.0,13,121,007603
"Census Tract 76.04, Fulton County, Georgia",1034.0,184.0,44.0,0.0,35.0,0.0,22.0,13,121,007604
"Census Tract 77.03, Fulton County, Georgia",1601.0,132.0,99.0,86.0,177.0,77.0,36.0,13,121,007703
"Census Tract 123, Fulton County, Georgia",1058.0,68.0,47.0,51.0,94.0,131.0,163.0,13,121,012300
"Census Tract 9800, Fulton County, Georgia",0.0,0.0,0.0,0.0,0.0,0.0,0.0,13,121,980000
"Census Tract 77.04, Fulton County, Georgia",2058.0,225.0,177.0,72.0,127.0,75.0,25.0,13,121,007704
"Census Tract 77.05, Fulton County, Georgia",1772.0,203.0,78.0,69.0,85.0,103.0,11.0,13,121,007705
"Census Tract 77.06, Fulton County, Georgia",4343.0,205.0,344.0,114.0,650.0,386.0,55.0,13,121,007706
"Census Tract 89.03, Fulton County, Georgia",876.0,2.0,0.0,27.0,235.0,28.0,37.0,13,121,008903
"Census Tract 89.04, Fulton County, Georgia",2577.0,65.0,122.0,60.0,353.0,191.0,462.0,13,121,008904
"Census Tract 91.01, Fulton County, Georgia",3463.0,289.0,55.0,118.0,743.0,289.0,443.0,13,121,009101
"Census Tract 91.02, Fulton County, Georgia",1904.0,128.0,106.0,0.0,109.0,216.0,388.0,13,121,009102
"Census Tract 87, Fulton County, Georgia",2562.0,237.0,229.0,263.0,94.0,48.0,71.0,13,121,008700
"Census Tract 95.01, Fulton County, Georgia",1733.0,99.0,6.0,32.0,133.0,111.0,835.0,13,121,009501
"Census Tract 94.03, Fulton County, Georgia",3032.0,205.0,39.0,184.0,378.0,263.0,46.0,13,121,009403
"Census Tract 94.04, Fulton County, Georgia",2383.0,115.0,0.0,21.0,182.0,310.0,328.0,13,121,009404
"Census Tract 95.02, Fulton County, Georgia",2254.0,161.0,18.0,14.0,248.0,290.0,419.0,13,121,009502
"Census Tract 96.01, Fulton County, Georgia",1407.0,24.0,27.0,100.0,98.0,235.0,267.0,13,121,009601
"Census Tract 96.02, Fulton County, Georgia",3112.0,182.0,151.0,57.0,323.0,282.0,756.0,13,121,009602
"Census Tract 96.03, Fulton County, Georgia",3071.0,272.0,62.0,121.0,498.0,176.0,556.0,13,121,009603
"Census Tract 98.01, Fulton County, Georgia",2106.0,58.0,21.0,22.0,144.0,109.0,946.0,13,121,009801
"Census Tract 98.02, Fulton County, Georgia",1835.0,32.0,0.0,44.0,125.0,145.0,844.0,13,121,009802
"Census Tract 100.01, Fulton County, Georgia",2487.0,231.0,28.0,87.0,211.0,172.0,742.0,13,121,010001
"Census Tract 100.02, Fulton County, Georgia",4013.0,49.0,101.0,89.0,435.0,437.0,1642.0,13,121,010002
"Census Tract 101.13, Fulton County, Georgia",2894.0,13.0,191.0,224.0,338.0,228.0,304.0,13,121,010113
"Census Tract 101.15, Fulton County, Georgia",1205.0,72.0,7.0,58.0,113.0,131.0,317.0,13,121,010115
"Census Tract 101.14, Fulton County, Georgia",3137.0,28.0,55.0,54.0,277.0,264.0,639.0,13,121,010114
"Census Tract 101.17, Fulton County, Georgia",1962.0,97.0,58.0,110.0,269.0,183.0,35.0,13,121,010117
"Census Tract 101.18, Fulton County, Georgia",2164.0,0.0,87.0,87.0,221.0,139.0,89.0,13,121,010118
"Census Tract 101.19, Fulton County, Georgia",2408.0,98.0,32.0,168.0,318.0,90.0,116.0,13,121,010119
"Census Tract 101.20, Fulton County, Georgia",1122.0,51.0,38.0,112.0,250.0,113.0,33.0,13,121,010120
"Census Tract 101.21, Fulton County, Georgia",1183.0,47.0,49.0,63.0,179.0,84.0,219.0,13,121,010121
"Census Tract 66.01, Fulton County, Georgia",699.0,48.0,18.0,32.0,119.0,46.0,8.0,13,121,006601
"Census Tract 70.01, Fulton County, Georgia",1439.0,287.0,60.0,124.0,119.0,6.0,14.0,13,121,007001
"Census Tract 11, Fulton County, Georgia",3432.0,155.0,43.0,66.0,509.0,502.0,756.0,13,121,001100
"Census Tract 14, Fulton County, Georgia",1408.0,30.0,15.0,31.0,260.0,120.0,180.0,13,121,001400
"Census Tract 18, Fulton County, Georgia",3077.0,680.0,121.0,46.0,387.0,287.0,114.0,13,121,001800
"Census Tract 32, Fulton County, Georgia",1277.0,8.0,8.0,35.0,238.0,232.0,205.0,13,121,003200
"Census Tract 36, Fulton County, Georgia",858.0,98.0,57.0,14.0,104.0,44.0,24.0,13,121,003600
"Census Tract 68.01, Fulton County, Georgia",0.0,0.0,0.0,0.0,0.0,0.0,0.0,13,121,006801
"Census Tract 88, Fulton County, Georgia",1961.0,61.0,0.0,51.0,211.0,209.0,386.0,13,121,008800
"Census Tract 105.12, Fulton County, Georgia",2356.0,192.0,119.0,225.0,299.0,139.0,0.0,13,121,010512
"Census Tract 105.13, Fulton County, Georgia",4846.0,249.0,187.0,276.0,487.0,719.0,28.0,13,121,010513
"Census Tract 106.01, Fulton County, Georgia",1581.0,291.0,93.0,46.0,112.0,108.0,21.0,13,121,010601
"Census Tract 106.04, Fulton County, Georgia",1301.0,85.0,119.0,99.0,97.0,48.0,10.0,13,121,010604
"Census Tract 112.02, Fulton County, Georgia",1583.0,120.0,101.0,131.0,139.0,139.0,11.0,13,121,011202
"Census Tract 7, Fulton County, Georgia",347.0,12.0,4.0,0.0,22.0,64.0,55.0,13,121,000700
"Census Tract 13, Fulton County, Georgia",2199.0,163.0,108.0,82.0,281.0,305.0,250.0,13,121,001300
"Census Tract 38, Fulton County, Georgia",230.0,43.0,12.0,10.0,16.0,1.0,0.0,13,121,003800
"Census Tract 40, Fulton County, Georgia",1010.0,182.0,101.0,66.0,47.0,67.0,6.0,13,121,004000
"Census Tract 42, Fulton County, Georgia",1456.0,434.0,77.0,50.0,73.0,80.0,9.0,13,121,004200
"Census Tract 49, Fulton County, Georgia",1108.0,73.0,10.0,46.0,170.0,111.0,144.0,13,121,004900
"Census Tract 28, Fulton County, Georgia",1453.0,316.0,59.0,54.0,84.0,159.0,29.0,13,121,002800
"Census Tract 48, Fulton County, Georgia",563.0,146.0,0.0,69.0,11.0,0.0,0.0,13,121,004800
"Census Tract 53, Fulton County, Georgia",1675.0,57.0,45.0,10.0,250.0,194.0,325.0,13,121,005300
"Census Tract 81.01, Fulton County, Georgia",502.0,35.0,33.0,41.0,24.0,43.0,5.0,13,121,008101
"Census Tract 105.10, Fulton County, Georgia",6420.0,532.0,156.0,382.0,816.0,411.0,29.0,13,121,010510
"Census Tract 5, Fulton County, Georgia",2843.0,151.0,99.0,118.0,348.0,426.0,447.0,13,121,000500
"Census Tract 16, Fulton County, Georgia",1294.0,40.0,89.0,64.0,201.0,120.0,195.0,13,121,001600
"Census Tract 31, Fulton County, Georgia",931.0,17.0,95.0,20.0,74.0,79.0,111.0,13,121,003100
"Census Tract 55.01, Fulton County, Georgia",978.0,187.0,64.0,7.0,76.0,36.0,37.0,13,121,005501
"Census Tract 57, Fulton County, Georgia",657.0,91.0,72.0,11.0,36.0,28.0,14.0,13,121,005700
"Census Tract 60, Fulton County, Georgia",1509.0,94.0,104.0,89.0,101.0,111.0,26.0,13,121,006000
"Census Tract 66.02, Fulton County, Georgia",465.0,79.0,71.0,53.0,17.0,17.0,0.0,13,121,006602
"Census Tract 507.09, Gwinnett County, Georgia",4456.0,195.0,214.0,203.0,620.0,512.0,295.0,13,135,050709
"Census Tract 503.14, Gwinnett County, Georgia",3477.0,102.0,229.0,204.0,611.0,184.0,122.0,13,135,050314
"Census Tract 503.15, Gwinnett County, Georgia",2436.0,75.0,155.0,177.0,347.0,220.0,172.0,13,135,050315
"Census Tract 504.15, Gwinnett County, Georgia",1465.0,59.0,42.0,67.0,167.0,248.0,112.0,13,135,050415
"Census Tract 504.25, Gwinnett County, Georgia",1810.0,36.0,59.0,64.0,200.0,205.0,166.0,13,135,050425
"Census Tract 504.29, Gwinnett County, Georgia",2290.0,29.0,107.0,48.0,234.0,375.0,151.0,13,135,050429
"Census Tract 501.05, Gwinnett County, Georgia",1545.0,139.0,61.0,61.0,245.0,107.0,37.0,13,135,050105
"Census Tract 502.05, Gwinnett County, Georgia",1698.0,78.0,24.0,77.0,303.0,132.0,62.0,13,135,050205
"Census Tract 505.35, Gwinnett County, Georgia",2299.0,146.0,78.0,68.0,323.0,341.0,49.0,13,135,050535
"Census Tract 505.36, Gwinnett County, Georgia",1731.0,46.0,76.0,88.0,294.0,225.0,0.0,13,135,050536
"Census Tract 505.37, Gwinnett County, Georgia",1671.0,204.0,98.0,119.0,210.0,130.0,42.0,13,135,050537
"Census Tract 505.38, Gwinnett County, Georgia",2304.0,49.0,130.0,100.0,261.0,300.0,270.0,13,135,050538
"Census Tract 505.39, Gwinnett County, Georgia",1846.0,54.0,140.0,52.0,315.0,105.0,10.0,13,135,050539
"Census Tract 505.40, Gwinnett County, Georgia",2607.0,136.0,198.0,110.0,511.0,352.0,112.0,13,135,050540
"Census Tract 505.41, Gwinnett County, Georgia",1797.0,153.0,251.0,116.0,238.0,44.0,0.0,13,135,050541
"Census Tract 505.42, Gwinnett County, Georgia",2300.0,71.0,133.0,165.0,231.0,59.0,68.0,13,135,050542
"Census Tract 505.43, Gwinnett County, Georgia",2428.0,70.0,101.0,249.0,583.0,215.0,91.0,13,135,050543
"Census Tract 505.44, Gwinnett County, Georgia",3803.0,145.0,28.0,47.0,659.0,521.0,225.0,13,135,050544
"Census Tract 505.47, Gwinnett County, Georgia",2721.0,42.0,37.0,162.0,461.0,319.0,152.0,13,135,050547
"Census Tract 505.48, Gwinnett County, Georgia",3032.0,52.0,122.0,184.0,411.0,308.0,386.0,13,135,050548
"Census Tract 505.45, Gwinnett County, Georgia",4475.0,331.0,84.0,214.0,436.0,597.0,220.0,13,135,050545
"Census Tract 505.46, Gwinnett County, Georgia",5529.0,381.0,224.0,271.0,1314.0,351.0,200.0,13,135,050546
"Census Tract 505.49, Gwinnett County, Georgia",1650.0,46.0,57.0,67.0,339.0,233.0,116.0,13,135,050549
"Census Tract 506.05, Gwinnett County, Georgia",4753.0,179.0,228.0,39.0,984.0,710.0,294.0,13,135,050605
"Census Tract 506.06, Gwinnett County, Georgia",7559.0,174.0,228.0,243.0,988.0,1018.0,1025.0,13,135,050606
"Census Tract 506.07, Gwinnett County, Georgia",5338.0,120.0,38.0,20.0,975.0,666.0,397.0,13,135,050607
"Census Tract 506.08, Gwinnett County, Georgia",6020.0,127.0,231.0,55.0,1193.0,976.0,324.0,13,135,050608
"Census Tract 506.09, Gwinnett County, Georgia",4311.0,104.0,122.0,13.0,884.0,377.0,617.0,13,135,050609
"Census Tract 506.10, Gwinnett County, Georgia",5074.0,132.0,57.0,101.0,868.0,738.0,1000.0,13,135,050610
"Census Tract 507.22, Gwinnett County, Georgia",1095.0,6.0,69.0,74.0,116.0,157.0,37.0,13,135,050722
"Census Tract 507.23, Gwinnett County, Georgia",2559.0,135.0,48.0,6.0,290.0,485.0,142.0,13,135,050723
"Census Tract 507.24, Gwinnett County, Georgia",6068.0,172.0,350.0,243.0,1321.0,785.0,241.0,13,135,050724
"Census Tract 507.25, Gwinnett County, Georgia",1915.0,36.0,104.0,78.0,384.0,191.0,72.0,13,135,050725
"Census Tract 507.26, Gwinnett County, Georgia",3169.0,99.0,80.0,141.0,391.0,273.0,218.0,13,135,050726
"Census Tract 507.27, Gwinnett County, Georgia",3381.0,90.0,25.0,123.0,821.0,330.0,431.0,13,135,050727
"Census Tract 507.28, Gwinnett County, Georgia",4682.0,151.0,166.0,244.0,1007.0,1275.0,320.0,13,135,050728
"Census Tract 507.29, Gwinnett County, Georgia",1209.0,32.0,32.0,0.0,248.0,88.0,10.0,13,135,050729
"Census Tract 507.30, Gwinnett County, Georgia",2245.0,50.0,154.0,147.0,459.0,267.0,28.0,13,135,050730
"Census Tract 507.31, Gwinnett County, Georgia",3277.0,36.0,175.0,109.0,336.0,508.0,0.0,13,135,050731
"Census Tract 502.14, Gwinnett County, Georgia",3240.0,175.0,124.0,52.0,630.0,426.0,470.0,13,135,050214
"Census Tract 502.15, Gwinnett County, Georgia",1149.0,39.0,55.0,87.0,121.0,153.0,38.0,13,135,050215
"Census Tract 502.16, Gwinnett County, Georgia",3330.0,213.0,141.0,319.0,390.0,428.0,462.0,13,135,050216
"Census Tract 502.17, Gwinnett County, Georgia",3519.0,124.0,270.0,93.0,327.0,359.0,670.0,13,135,050217
"Census Tract 502.18, Gwinnett County, Georgia",1314.0,9.0,78.0,26.0,242.0,121.0,88.0,13,135,050218
"Census Tract 502.19, Gwinnett County, Georgia",1435.0,88.0,75.0,80.0,227.0,173.0,65.0,13,135,050219
"Census Tract 502.20, Gwinnett County, Georgia",2908.0,71.0,279.0,115.0,420.0,257.0,115.0,13,135,050220
"Census Tract 503.17, Gwinnett County, Georgia",1860.0,86.0,95.0,118.0,138.0,44.0,0.0,13,135,050317
"Census Tract 503.18, Gwinnett County, Georgia",1189.0,16.0,73.0,120.0,108.0,30.0,0.0,13,135,050318
"Census Tract 503.20, Gwinnett County, Georgia",1660.0,40.0,150.0,82.0,216.0,105.0,0.0,13,135,050320
"Census Tract 503.19, Gwinnett County, Georgia",1924.0,135.0,210.0,127.0,276.0,129.0,36.0,13,135,050319
"Census Tract 503.08, Gwinnett County, Georgia",1294.0,31.0,20.0,15.0,82.0,149.0,478.0,13,135,050308
"Census Tract 504.17, Gwinnett County, Georgia",1970.0,126.0,153.0,95.0,187.0,38.0,38.0,13,135,050417
"Census Tract 504.27, Gwinnett County, Georgia",1982.0,34.0,26.0,60.0,488.0,195.0,121.0,13,135,050427
"Census Tract 507.13, Gwinnett County, Georgia",2370.0,46.0,15.0,39.0,418.0,339.0,420.0,13,135,050713
"Census Tract 507.19, Gwinnett County, Georgia",1900.0,94.0,149.0,133.0,306.0,149.0,30.0,13,135,050719
"Census Tract 501.03, Gwinnett County, Georgia",3676.0,134.0,105.0,76.0,713.0,553.0,168.0,13,135,050103
"Census Tract 503.13, Gwinnett County, Georgia",2751.0,339.0,85.0,121.0,293.0,283.0,109.0,13,135,050313
"Census Tract 504.16, Gwinnett County, Georgia",1178.0,59.0,43.0,69.0,303.0,43.0,95.0,13,135,050416
"Census Tract 504.18, Gwinnett County, Georgia",2607.0,118.0,265.0,195.0,203.0,107.0,0.0,13,135,050418
"Census Tract 504.22, Gwinnett County, Georgia",2362.0,104.0,307.0,170.0,203.0,16.0,0.0,13,135,050422
"Census Tract 504.24, Gwinnett County, Georgia",2471.0,125.0,229.0,235.0,270.0,167.0,25.0,13,135,050424
"Census Tract 505.20, Gwinnett County, Georgia",1988.0,176.0,126.0,51.0,181.0,106.0,78.0,13,135,050520
"Census Tract 505.21, Gwinnett County, Georgia",1997.0,142.0,70.0,161.0,282.0,155.0,78.0,13,135,050521
"Census Tract 507.15, Gwinnett County, Georgia",1749.0,83.0,41.0,35.0,264.0,246.0,114.0,13,135,050715
"Census Tract 503.10, Gwinnett County, Georgia",2738.0,150.0,171.0,93.0,494.0,298.0,175.0,13,135,050310
"Census Tract 507.21, Gwinnett County, Georgia",2716.0,122.0,45.0,79.0,644.0,264.0,120.0,13,135,050721
"Census Tract 503.11, Gwinnett County, Georgia",1080.0,16.0,0.0,25.0,165.0,234.0,115.0,13,135,050311
"Census Tract 504.19, Gwinnett County, Georgia",2305.0,145.0,57.0,170.0,306.0,88.0,27.0,13,135,050419
"Census Tract 503.09, Gwinnett County, Georgia",3576.0,102.0,81.0,107.0,288.0,400.0,657.0,13,135,050309
"Census Tract 504.30, Gwinnett County, Georgia",2011.0,54.0,127.0,101.0,317.0,205.0,95.0,13,135,050430
"Census Tract 507.14, Gwinnett County, Georgia",2064.0,89.0,88.0,101.0,342.0,239.0,222.0,13,135,050714
"Census Tract 507.18, Gwinnett County, Georgia",2681.0,25.0,88.0,91.0,406.0,309.0,278.0,13,135,050718
"Census Tract 501.06, Gwinnett County, Georgia",3818.0,94.0,229.0,185.0,424.0,283.0,292.0,13,135,050106
"Census Tract 504.21, Gwinnett County, Georgia",2599.0,126.0,155.0,78.0,200.0,89.0,15.0,13,135,050421
"Census Tract 504.23, Gwinnett County, Georgia",2254.0,45.0,244.0,145.0,160.0,227.0,20.0,13,135,050423
"Census Tract 505.11, Gwinnett County, Georgia",4067.0,204.0,91.0,195.0,789.0,354.0,367.0,13,135,050511
"Census Tract 501.07, Gwinnett County, Georgia",2474.0,164.0,15.0,38.0,328.0,553.0,67.0,13,135,050107
"Census Tract 501.08, Gwinnett County, Georgia",3152.0,120.0,0.0,17.0,522.0,332.0,711.0,13,135,050108
"Census Tract 501.09, Gwinnett County, Georgia",2525.0,97.0,88.0,162.0,313.0,200.0,181.0,13,135,050109
"Census Tract 502.08, Gwinnett County, Georgia",2903.0,84.0,88.0,64.0,391.0,368.0,138.0,13,135,050208
"Census Tract 502.09, Gwinnett County, Georgia",3310.0,172.0,226.0,136.0,378.0,173.0,116.0,13,135,050209
"Census Tract 502.10, Gwinnett County, Georgia",3244.0,148.0,229.0,51.0,492.0,555.0,166.0,13,135,050210
"Census Tract 502.11, Gwinnett County, Georgia",1989.0,163.0,180.0,104.0,294.0,136.0,45.0,13,135,050211
"Census Tract 502.12, Gwinnett County, Georgia",4119.0,157.0,77.0,116.0,325.0,356.0,1175.0,13,135,050212
"Census Tract 502.13, Gwinnett County, Georgia",3893.0,123.0,76.0,70.0,590.0,697.0,531.0,13,135,050213
"Census Tract 503.21, Gwinnett County, Georgia",1638.0,32.0,19.0,29.0,154.0,147.0,450.0,13,135,050321
"Census Tract 503.22, Gwinnett County, Georgia",1610.0,54.0,15.0,0.0,143.0,232.0,474.0,13,135,050322
"Census Tract 504.31, Gwinnett County, Georgia",2997.0,263.0,164.0,90.0,173.0,294.0,114.0,13,135,050431
"Census Tract 504.32, Gwinnett County, Georgia",1937.0,42.0,115.0,105.0,397.0,103.0,82.0,13,135,050432
"Census Tract 504.33, Gwinnett County, Georgia",943.0,41.0,77.0,80.0,114.0,59.0,15.0,13,135,050433
"Census Tract 504.34, Gwinnett County, Georgia",2635.0,139.0,112.0,129.0,155.0,167.0,0.0,13,135,050434
"Census Tract 504.35, Gwinnett County, Georgia",1106.0,87.0,60.0,84.0,117.0,85.0,56.0,13,135,050435
"Census Tract 504.36, Gwinnett County, Georgia",2721.0,334.0,91.0,146.0,462.0,123.0,27.0,13,135,050436
"Census Tract 505.25, Gwinnett County, Georgia",2741.0,70.0,184.0,106.0,560.0,303.0,250.0,13,135,050525
"Census Tract 505.26, Gwinnett County, Georgia",1734.0,198.0,98.0,146.0,103.0,98.0,46.0,13,135,050526
"Census Tract 505.27, Gwinnett County, Georgia",1914.0,29.0,115.0,46.0,374.0,221.0,231.0,13,135,050527
"Census Tract 505.23, Gwinnett County, Georgia",2845.0,96.0,89.0,113.0,426.0,162.0,104.0,13,135,050523
"Census Tract 505.24, Gwinnett County, Georgia",1983.0,88.0,80.0,137.0,243.0,86.0,44.0,13,135,050524
"Census Tract 505.28, Gwinnett County, Georgia",1585.0,28.0,58.0,58.0,276.0,213.0,91.0,13,135,050528
"Census Tract 505.29, Gwinnett County, Georgia",1450.0,60.0,62.0,143.0,255.0,21.0,55.0,13,135,050529
"Census Tract 505.30, Gwinnett County, Georgia",1960.0,93.0,75.0,43.0,354.0,268.0,214.0,13,135,050530
"Census Tract 505.31, Gwinnett County, Georgia",2531.0,54.0,137.0,106.0,357.0,318.0,166.0,13,135,050531
"Census Tract 505.32, Gwinnett County, Georgia",2713.0,43.0,264.0,82.0,463.0,221.0,54.0,13,135,050532
"Census Tract 505.33, Gwinnett County, Georgia",2456.0,83.0,144.0,46.0,269.0,134.0,64.0,13,135,050533
"Census Tract 505.34, Gwinnett County, Georgia",2678.0,118.0,46.0,282.0,423.0,354.0,31.0,13,135,050534
"Census Tract 505.22, Gwinnett County, Georgia",1784.0,290.0,201.0,19.0,196.0,146.0,89.0,13,135,050522
"Census Tract 507.20, Gwinnett County, Georgia",2329.0,115.0,111.0,159.0,316.0,159.0,323.0,13,135,050720
"Census Tract 503.04, Gwinnett County, Georgia",2189.0,91.0,196.0,235.0,137.0,224.0,8.0,13,135,050304
"Census Tract 503.06, Gwinnett County, Georgia",1004.0,20.0,80.0,110.0,166.0,43.0,9.0,13,135,050306
"Census Tract 504.26, Gwinnett County, Georgia",2311.0,69.0,99.0,112.0,545.0,206.0,100.0,13,135,050426
"Census Tract 507.12, Gwinnett County, Georgia",2467.0,194.0,46.0,90.0,338.0,197.0,410.0,13,135,050712
"Census Tract 504.10, Gwinnett County, Georgia",1750.0,134.0,112.0,75.0,154.0,146.0,27.0,13,135,050410
"Census Tract 504.28, Gwinnett County, Georgia",1953.0,58.0,44.0,85.0,343.0,210.0,191.0,13,135,050428
"Census Tract 403.02, Clayton County, Georgia",1951.0,117.0,185.0,91.0,61.0,44.0,10.0,13,063,040302
"Census Tract 403.03, Clayton County, Georgia",2417.0,222.0,126.0,108.0,143.0,76.0,0.0,13,063,040303
"Census Tract 405.10, Clayton County, Georgia",1270.0,163.0,99.0,40.0,157.0,53.0,35.0,13,063,040510
"Census Tract 405.16, Clayton County, Georgia",2081.0,142.0,153.0,89.0,317.0,100.0,68.0,13,063,040516
"Census Tract 406.14, Clayton County, Georgia",1794.0,30.0,31.0,59.0,157.0,281.0,236.0,13,063,040614
"Census Tract 402.02, Clayton County, Georgia",904.0,70.0,94.0,77.0,78.0,27.0,0.0,13,063,040202
"Census Tract 404.13, Clayton County, Georgia",2418.0,160.0,202.0,103.0,371.0,148.0,73.0,13,063,040413
"Census Tract 404.11, Clayton County, Georgia",4357.0,111.0,413.0,243.0,421.0,412.0,146.0,13,063,040411
"Census Tract 404.12, Clayton County, Georgia",2964.0,269.0,125.0,61.0,388.0,196.0,0.0,13,063,040412
"Census Tract 405.14, Clayton County, Georgia",2616.0,227.0,161.0,383.0,391.0,219.0,0.0,13,063,040514
"Census Tract 405.12, Clayton County, Georgia",2005.0,86.0,220.0,33.0,185.0,121.0,13.0,13,063,040512
"Census Tract 406.13, Clayton County, Georgia",2746.0,193.0,116.0,58.0,308.0,570.0,61.0,13,063,040613
"Census Tract 405.15, Clayton County, Georgia",2713.0,235.0,190.0,193.0,285.0,97.0,0.0,13,063,040515
"Census Tract 406.11, Clayton County, Georgia",2194.0,110.0,184.0,129.0,248.0,106.0,0.0,13,063,040611
"Census Tract 403.08, Clayton County, Georgia",1655.0,97.0,107.0,76.0,143.0,24.0,0.0,13,063,040308
"Census Tract 406.12, Clayton County, Georgia",2013.0,317.0,141.0,72.0,156.0,143.0,18.0,13,063,040612
"Census Tract 404.09, Clayton County, Georgia",1864.0,88.0,156.0,247.0,331.0,112.0,10.0,13,063,040409
"Census Tract 404.10, Clayton County, Georgia",2346.0,106.0,202.0,216.0,451.0,217.0,0.0,13,063,040410
"Census Tract 405.09, Clayton County, Georgia",1626.0,68.0,60.0,74.0,219.0,93.0,38.0,13,063,040509
"Census Tract 404.07, Clayton County, Georgia",1250.0,87.0,32.0,40.0,115.0,51.0,2.0,13,063,040407
"Census Tract 405.18, Clayton County, Georgia",1697.0,116.0,72.0,129.0,183.0,59.0,0.0,13,063,040518
"Census Tract 406.06, Clayton County, Georgia",1002.0,22.0,91.0,52.0,101.0,53.0,7.0,13,063,040606
"Census Tract 406.08, Clayton County, Georgia",4173.0,183.0,169.0,99.0,693.0,464.0,132.0,13,063,040608
"Census Tract 406.09, Clayton County, Georgia",2161.0,87.0,106.0,289.0,329.0,160.0,43.0,13,063,040609
"Census Tract 405.13, Clayton County, Georgia",1620.0,93.0,142.0,48.0,333.0,134.0,24.0,13,063,040513
"Census Tract 404.08, Clayton County, Georgia",2234.0,188.0,200.0,177.0,466.0,95.0,43.0,13,063,040408
"Census Tract 402.03, Clayton County, Georgia",1569.0,150.0,78.0,110.0,132.0,76.0,14.0,13,063,040203
"Census Tract 402.04, Clayton County, Georgia",1904.0,134.0,70.0,178.0,210.0,171.0,12.0,13,063,040204
"Census Tract 403.06, Clayton County, Georgia",1369.0,231.0,0.0,151.0,128.0,0.0,14.0,13,063,040306
"Census Tract 403.07, Clayton County, Georgia",1463.0,75.0,167.0,15.0,104.0,118.0,0.0,13,063,040307
"Census Tract 404.14, Clayton County, Georgia",592.0,35.0,26.0,57.0,47.0,51.0,5.0,13,063,040414
"Census Tract 404.15, Clayton County, Georgia",2343.0,258.0,148.0,90.0,94.0,47.0,40.0,13,063,040415
"Census Tract 404.16, Clayton County, Georgia",1090.0,38.0,54.0,36.0,150.0,102.0,14.0,13,063,040416
"Census Tract 404.17, Clayton County, Georgia",1957.0,176.0,175.0,157.0,130.0,61.0,3.0,13,063,040417
"Census Tract 405.19, Clayton County, Georgia",2369.0,184.0,291.0,176.0,71.0,38.0,0.0,13,063,040519
"Census Tract 405.20, Clayton County, Georgia",1839.0,176.0,131.0,164.0,124.0,57.0,0.0,13,063,040520
"Census Tract 405.21, Clayton County, Georgia",1082.0,123.0,73.0,33.0,99.0,74.0,18.0,13,063,040521
"Census Tract 405.22, Clayton County, Georgia",1807.0,234.0,132.0,91.0,184.0,84.0,9.0,13,063,040522
"Census Tract 405.23, Clayton County, Georgia",1092.0,102.0,136.0,71.0,93.0,58.0,0.0,13,063,040523
"Census Tract 405.24, Clayton County, Georgia",2677.0,163.0,81.0,110.0,349.0,164.0,42.0,13,063,040524
"Census Tract 405.25, Clayton County, Georgia",1046.0,96.0,90.0,120.0,115.0,78.0,30.0,13,063,040525
"Census Tract 405.26, Clayton County, Georgia",2324.0,129.0,44.0,58.0,570.0,68.0,22.0,13,063,040526
"Census Tract 406.15, Clayton County, Georgia",629.0,19.0,36.0,29.0,83.0,46.0,34.0,13,063,040615
"Census Tract 406.16, Clayton County, Georgia",3016.0,148.0,151.0,247.0,470.0,164.0,0.0,13,063,040616
"Census Tract 406.17, Clayton County, Georgia",354.0,33.0,42.0,18.0,3.0,13.0,0.0,13,063,040617
"Census Tract 406.19, Clayton County, Georgia",760.0,16.0,24.0,9.0,117.0,84.0,37.0,13,063,040619
"Census Tract 406.20, Clayton County, Georgia",1354.0,37.0,40.0,38.0,256.0,239.0,49.0,13,063,040620
"Census Tract 406.21, Clayton County, Georgia",3274.0,184.0,285.0,104.0,568.0,516.0,42.0,13,063,040621
"Census Tract 406.22, Clayton County, Georgia",2298.0,197.0,120.0,132.0,461.0,119.0,0.0,13,063,040622
"Census Tract 9800, Clayton County, Georgia",0.0,0.0,0.0,0.0,0.0,0.0,0.0,13,063,980000
"Census Tract 701.07, Henry County, Georgia",2402.0,129.0,20.0,149.0,370.0,299.0,218.0,13,151,070107
"Census Tract 701.08, Henry County, Georgia",1834.0,69.0,34.0,133.0,352.0,201.0,25.0,13,151,070108
"Census Tract 701.09, Henry County, Georgia",1260.0,50.0,54.0,63.0,130.0,141.0,89.0,13,151,070109
"Census Tract 701.10, Henry County, Georgia",2679.0,174.0,169.0,100.0,519.0,353.0,124.0,13,151,070110
"Census Tract 701.11, Henry County, Georgia",3205.0,112.0,232.0,163.0,683.0,183.0,16.0,13,151,070111
"Census Tract 701.13, Henry County, Georgia",1577.0,92.0,106.0,45.0,81.0,123.0,13.0,13,151,070113
"Census Tract 702.04, Henry County, Georgia",1587.0,83.0,63.0,9.0,366.0,255.0,151.0,13,151,070204
"Census Tract 703.07, Henry County, Georgia",1449.0,39.0,34.0,0.0,271.0,187.0,59.0,13,151,070307
"Census Tract 703.10, Henry County, Georgia",1718.0,11.0,78.0,107.0,316.0,317.0,65.0,13,151,070310
"Census Tract 703.11, Henry County, Georgia",4372.0,39.0,355.0,453.0,624.0,166.0,57.0,13,151,070311
"Census Tract 704.03, Henry County, Georgia",3765.0,287.0,149.0,255.0,516.0,363.0,98.0,13,151,070403
"Census Tract 704.04, Henry County, Georgia",3194.0,123.0,127.0,146.0,564.0,240.0,92.0,13,151,070404
"Census Tract 705.01, Henry County, Georgia",2310.0,33.0,162.0,192.0,398.0,175.0,54.0,13,151,070501
"Census Tract 701.14, Henry County, Georgia",2334.0,113.0,165.0,49.0,327.0,212.0,62.0,13,151,070114
"Census Tract 703.04, Henry County, Georgia",3806.0,234.0,255.0,308.0,370.0,274.0,84.0,13,151,070304
"Census Tract 701.06, Henry County, Georgia",2041.0,127.0,106.0,81.0,307.0,206.0,45.0,13,151,070106
"Census Tract 703.06, Henry County, Georgia",4085.0,244.0,153.0,154.0,609.0,446.0,222.0,13,151,070306
"Census Tract 702.03, Henry County, Georgia",5354.0,15.0,137.0,39.0,865.0,932.0,676.0,13,151,070203
"Census Tract 703.05, Henry County, Georgia",3145.0,32.0,37.0,67.0,674.0,693.0,180.0,13,151,070305
"Census Tract 704.02, Henry County, Georgia",3946.0,88.0,148.0,173.0,923.0,624.0,123.0,13,151,070402
"Census Tract 701.04, Henry County, Georgia",4804.0,214.0,0.0,316.0,685.0,554.0,172.0,13,151,070104
"Census Tract 702.02, Henry County, Georgia",3828.0,31.0,44.0,89.0,550.0,460.0,409.0,13,151,070202
"Census Tract 702.05, Henry County, Georgia",3851.0,104.0,226.0,58.0,553.0,575.0,235.0,13,151,070205
"Census Tract 703.09, Henry County, Georgia",2574.0,76.0,41.0,48.0,421.0,528.0,411.0,13,151,070309
"Census Tract 705.02, Henry County, Georgia",4864.0,174.0,46.0,194.0,1295.0,305.0,250.0,13,151,070502
"Census Tract 1206.05, Paulding County, Georgia",1955.0,91.0,81.0,105.0,391.0,314.0,18.0,13,223,120605
"Census Tract 1201.01, Paulding County, Georgia",4811.0,138.0,193.0,21.0,501.0,637.0,654.0,13,223,120101
"Census Tract 1201.02, Paulding County, Georgia",4255.0,137.0,70.0,185.0,702.0,708.0,155.0,13,223,120102
"Census Tract 1201.03, Paulding County, Georgia",3819.0,59.0,125.0,157.0,537.0,433.0,290.0,13,223,120103
"Census Tract 1201.04, Paulding County, Georgia",1016.0,37.0,40.0,39.0,209.0,88.0,20.0,13,223,120104
"Census Tract 1202.03, Paulding County, Georgia",1798.0,54.0,65.0,29.0,298.0,298.0,72.0,13,223,120203
"Census Tract 1202.04, Paulding County, Georgia",2823.0,119.0,115.0,130.0,480.0,403.0,77.0,13,223,120204
"Census Tract 1203.01, Paulding County, Georgia",2370.0,62.0,100.0,181.0,272.0,262.0,33.0,13,223,120301
"Census Tract 1203.02, Paulding County, Georgia",4757.0,469.0,389.0,370.0,271.0,450.0,24.0,13,223,120302
"Census Tract 1203.03, Paulding County, Georgia",629.0,43.0,49.0,12.0,144.0,71.0,5.0,13,223,120303
"Census Tract 1205.01, Paulding County, Georgia",2579.0,144.0,180.0,103.0,629.0,129.0,0.0,13,223,120501
"Census Tract 1205.02, Paulding County, Georgia",3020.0,110.0,89.0,61.0,558.0,232.0,16.0,13,223,120502
"Census Tract 1205.03, Paulding County, Georgia",1778.0,18.0,83.0,103.0,211.0,257.0,83.0,13,223,120503
"Census Tract 1206.01, Paulding County, Georgia",1691.0,96.0,85.0,48.0,290.0,182.0,88.0,13,223,120601
"Census Tract 1206.02, Paulding County, Georgia",3189.0,28.0,128.0,101.0,353.0,713.0,73.0,13,223,120602
"Census Tract 1202.02, Paulding County, Georgia",2685.0,93.0,66.0,92.0,246.0,260.0,92.0,13,223,120202
"Census Tract 1204, Paulding County, Georgia",5999.0,242.0,437.0,217.0,1000.0,612.0,0.0,13,223,120400
"Census Tract 1206.04, Paulding County, Georgia",1796.0,38.0,120.0,46.0,243.0,149.0,46.0,13,223,120604
"Census Tract 1206.03, Paulding County, Georgia",2329.0,233.0,166.0,70.0,397.0,246.0,48.0,13,223,120603
