NAME,total_units,sfr_detached,sfr_attached,two_unit,small_multifamily,mf_5_9,mf_10_19,mf_20_49,mf_50plus,state,county,tract
"Census Tract 301.03, Cobb County, Georgia",3501.0,3072.0,122.0,22.0,0.0,0.0,0.0,45.0,14.0,13,067,030103
"Census Tract 303.10, Cobb County, Georgia",2877.0,2587.0,209.0,32.0,0.0,0.0,0.0,0.0,0.0,13,067,030310
"Census Tract 303.20, Cobb County, Georgia",3847.0,1263.0,661.0,16.0,85.0,466.0,680.0,274.0,402.0,13,067,030320
"Census Tract 303.27, Cobb County, Georgia",1752.0,1741.0,0.0,0.0,0.0,0.0,0.0,0.0,0.0,13,067,030327
"Census Tract 303.14, Cobb County, Georgia",2741.0,2678.0,0.0,14.0,0.0,0.0,15.0,0.0,34.0,13,067,030314
"Census Tract 303.39, Cobb County, Georgia",3766.0,76.0,346.0,0.0,87.0,566.0,1306.0,661.0,712.0,13,067,030339
"Census Tract 313.07, Cobb County, Georgia",2406.0,2259.0,122.0,0.0,0.0,0.0,0.0,0.0,0.0,13,067,031307
"Census Tract 303.12, Cobb County, Georgia",2564.0,2482.0,68.0,0.0,0.0,0.0,0.0,0.0,14.0,13,067,030312
"Census Tract 310.05, Cobb County, Georgia",1790.0,1705.0,50.0,0.0,0.0,0.0,0.0,0.0,0.0,13,067,031005
"Census Tract 303.30, Cobb County, Georgia",2062.0,2054.0,0.0,0.0,0.0,0.0,0.0,0.0,0.0,13,067,030330
"Census Tract 307, Cobb County, Georgia",2093.0,1276.0,108.0,48.0,24.0,67.0,204.0,183.0,183.0,13,067,030700
"Census Tract 303.35, Cobb County, Georgia",1801.0,1776.0,25.0,0.0,0.0,0.0,0.0,0.0,0.0,13,067,030335
"Census Tract 312.09, Cobb County, Georgia",1891.0,1581.0,293.0,0.0,17.0,0.0,0.0,0.0,0.0,13,067,031209
"Census Tract 312.11, Cobb County, Georgia",2831.0,77.0,375.0,0.0,37.0,465.0,1016.0,553.0,308.0,13,067,031211
"Census Tract 312.12, Cobb County, Georgia",1065.0,855.0,148.0,0.0,19.0,22.0,0.0,16.0,0.0,13,067,031212
"Census Tract 313.12, Cobb County, Georgia",4079.0,2722.0,764.0,17.0,40.0,126.0,0.0,0.0,30.0,13,067,031312
"Census Tract 313.13, Cobb County, Georgia",4215.0,3319.0,767.0,0.0,90.0,39.0,0.0,0.0,0.0,13,067,031313
"Census Tract 314.08, Cobb County, Georgia",2601.0,2071.0,109.0,170.0,69.0,124.0,0.0,0.0,16.0,13,067,031408
"Census Tract 314.09, Cobb County, Georgia",2461.0,2214.0,103.0,25.0,53.0,38.0,19.0,9.0,0.0,13,067,031409
"Census Tract 315.06, Cobb County, Georgia",2072.0,1874.0,160.0,0.0,0.0,0.0,0.0,30.0,0.0,13,067,031506
"Census Tract 315.07, Cobb County, Georgia",1211.0,925.0,275.0,0.0,11.0,0.0,0.0,0.0,0.0,13,067,031507
"Census Tract 315.08, Cobb County, Georgia",2138.0,2057.0,44.0,0.0,24.0,0.0,0.0,0.0,0.0,13,067,031508
"Census Tract 315.09, Cobb County, Georgia",3837.0,3602.0,196.0,0.0,18.0,0.0,0.0,0.0,0.0,13,067,031509
"Census Tract 303.32, Cobb County, Georgia",1129.0,1094.0,0.0,0.0,0.0,0.0,11.0,0.0,24.0,13,067,030332
"Census Tract 303.36, Cobb County, Georgia",2452.0,2452.0,0.0,0.0,0.0,0.0,0.0,0.0,0.0,13,067,030336
"Census Tract 304.05, Cobb County, Georgia",3073.0,1270.0,580.0,65.0,101.0,353.0,488.0,190.0,26.0,13,067,030405
"Census Tract 305.04, Cobb County, Georgia",2624.0,1989.0,584.0,0.0,25.0,15.0,0.0,0.0,0.0,13,067,030504
"Census Tract 309.02, Cobb County, Georgia",2485.0,1129.0,532.0,12.0,51.0,132.0,259.0,189.0,116.0,13,067,030902
"Census Tract 311.01, Cobb County, Georgia",2349.0,1344.0,169.0,129.0,226.0,296.0,134.0,28.0,23.0,13,067,031101
"Census Tract 311.10, Cobb County, Georgia",1506.0,1063.0,154.0,27.0,112.0,95.0,0.0,46.0,9.0,13,067,031110
"Census Tract 313.06, Cobb County, Georgia",1548.0,1308.0,185.0,45.0,0.0,0.0,0.0,0.0,10.0,13,067,031306
"Census Tract 314.05, Cobb County, Georgia",3232.0,2790.0,113.0,0.0,0.0,86.0,20.0,67.0,91.0,13,067,031405
"Census Tract 302.09, Cobb County, Georgia",2671.0,2578.0,69.0,11.0,0.0,0.0,13.0,0.0,0.0,13,067,030209
"Census Tract 303.28, Cobb County, Georgia",2380.0,2307.0,53.0,0.0,0.0,0.0,0.0,0.0,0.0,13,067,030328
"Census Tract 309.05, Cobb County, Georgia",2184.0,1740.0,206.0,0.0,33.0,0.0,0.0,0.0,0.0,13,067,030905
"Census Tract 310.01, Cobb County, Georgia",2069.0,953.0,64.0,79.0,69.0,342.0,248.0,75.0,37.0,13,067,031001
"Census Tract 311.12, Cobb County, Georgia",2561.0,1642.0,427.0,33.0,117.0,226.0,69.0,13.0,34.0,13,067,031112
"Census Tract 315.03, Cobb County, Georgia",3447.0,3183.0,188.0,0.0,0.0,12.0,0.0,0.0,64.0,13,067,031503
"Census Tract 303.11, Cobb County, Georgia",2321.0,2308.0,13.0,0.0,0.0,0.0,0.0,0.0,0.0,13,067,030311
"Census Tract 303.26, Cobb County, Georgia",1555.0,1526.0,29.0,0.0,0.0,0.0,0.0,0.0,0.0,13,067,030326
"Census Tract 305.02, Cobb County, Georgia",2890.0,2478.0,207.0,58.0,0.0,36.0,18.0,14.0,0.0,13,067,030502
"Census Tract 305.05, Cobb County, Georgia",3186.0,631.0,91.0,77.0,88.0,554.0,890.0,609.0,177.0,13,067,030505
"Census Tract 308, Cobb County, Georgia",1764.0,638.0,430.0,198.0,38.0,224.0,101.0,135.0,0.0,13,067,030800
"Census Tract 310.04, Cobb County, Georgia",3172.0,1541.0,311.0,47.0,190.0,315.0,270.0,388.0,110.0,13,067,031004
"Census Tract 311.06, Cobb County, Georgia",3330.0,2678.0,353.0,0.0,92.0,50.0,0.0,36.0,17.0,13,067,031106
"Census Tract 311.08, Cobb County, Georgia",2992.0,897.0,774.0,18.0,276.0,228.0,423.0,191.0,153.0,13,067,031108
"Census Tract 313.08, Cobb County, Georgia",1992.0,1523.0,49.0,82.0,77.0,93.0,73.0,61.0,0.0,13,067,031308
"Census Tract 313.09, Cobb County, Georgia",2887.0,2314.0,169.0,50.0,16.0,28.0,87.0,0.0,0.0,13,067,031309
"Census Tract 313.10, Cobb County, Georgia",2953.0,657.0,220.0,21.0,63.0,347.0,431.0,362.0,255.0,13,067,031310
"Census Tract 302.28, Cobb County, Georgia",3674.0,1111.0,236.0,0.0,47.0,328.0,773.0,604.0,575.0,13,067,030228
"Census Tract 302.30, Cobb County, Georgia",5717.0,2355.0,946.0,0.0,0.0,253.0,1237.0,570.0,201.0,13,067,030230
"Census Tract 302.32, Cobb County, Georgia",2225.0,2196.0,0.0,0.0,0.0,0.0,0.0,0.0,7.0,13,067,030232
"Census Tract 302.33, Cobb County, Georgia",1565.0,1556.0,0.0,0.0,0.0,0.0,0.0,0.0,0.0,13,067,030233
"Census Tract 302.34, Cobb County, Georgia",2165.0,2151.0,0.0,0.0,14.0,0.0,0.0,0.0,0.0,13,067,030234
"Census Tract 302.35, Cobb County, Georgia",1730.0,1699.0,31.0,0.0,0.0,0.0,0.0,0.0,0.0,13,067,030235
"Census Tract 302.36, Cobb County, Georgia",1569.0,1569.0,0.0,0.0,0.0,0.0,0.0,0.0,0.0,13,067,030236
"Census Tract 302.38, Cobb County, Georgia",2077.0,2062.0,15.0,0.0,0.0,0.0,0.0,0.0,0.0,13,067,030238
"Census Tract 302.39, Cobb County, Georgia",2784.0,2680.0,88.0,0.0,0.0,0.0,0.0,0.0,16.0,13,067,030239
"Census Tract 303.40, Cobb County, Georgia",1283.0,1270.0,0.0,13.0,0.0,0.0,0.0,0.0,0.0,13,067,030340
"Census Tract 303.41, Cobb County, Georgia",1588.0,1565.0,0.0,0.0,0.0,0.0,0.0,0.0,0.0,13,067,030341
"Census Tract 303.42, Cobb County, Georgia",1686.0,1675.0,0.0,0.0,0.0,0.0,0.0,0.0,0.0,13,067,030342
"Census Tract 303.43, Cobb County, Georgia",1572.0,1572.0,0.0,0.0,0.0,0.0,0.0,0.0,0.0,13,067,030343
"Census Tract 303.44, Cobb County, Georgia",2308.0,11.0,184.0,31.0,200.0,544.0,583.0,558.0,197.0,13,067,030344
"Census Tract 303.45, Cobb County, Georgia",3220.0,119.0,514.0,109.0,224.0,479.0,585.0,679.0,511.0,13,067,030345
"Census Tract 304.07, Cobb County, Georgia",2092.0,1620.0,185.0,16.0,12.0,74.0,134.0,42.0,9.0,13,067,030407
"Census Tract 304.08, Cobb County, Georgia",1522.0,865.0,83.0,0.0,86.0,58.0,138.0,254.0,20.0,13,067,030408
"Census Tract 304.09, Cobb County, Georgia",1274.0,1250.0,15.0,0.0,0.0,0.0,0.0,0.0,0.0,13,067,030409
"Census Tract 304.10, Cobb County, Georgia",2289.0,939.0,145.0,0.0,26.0,52.0,559.0,236.0,332.0,13,067,030410
"Census Tract 304.11, Cobb County, Georgia",1052.0,76.0,301.0,21.0,27.0,103.0,268.0,218.0,38.0,13,067,030411
"Census Tract 304.12, Cobb County, Georgia",2112.0,61.0,171.0,20.0,95.0,416.0,608.0,608.0,133.0,13,067,030412
"Census Tract 304.13, Cobb County, Georgia",2778.0,110.0,408.0,0.0,197.0,660.0,874.0,410.0,76.0,13,067,030413
"Census Tract 304.14, Cobb County, Georgia",1581.0,0.0,58.0,6.0,114.0,298.0,557.0,478.0,70.0,13,067,030414
"Census Tract 305.06, Cobb County, Georgia",2012.0,1120.0,201.0,19.0,0.0,47.0,245.0,292.0,77.0,13,067,030506
"Census Tract 305.07, Cobb County, Georgia",1987.0,1892.0,82.0,0.0,0.0,0.0,0.0,0.0,0.0,13,067,030507
"Census Tract 306.01, Cobb County, Georgia",4653.0,853.0,976.0,31.0,26.0,255.0,980.0,1443.0,89.0,13,067,030601
"Census Tract 306.02, Cobb County, Georgia",3419.0,2037.0,409.0,70.0,0.0,15.0,82.0,231.0,564.0,13,067,030602
"Census Tract 311.13, Cobb County, Georgia",827.0,5.0,125.0,0.0,11.0,113.0,194.0,345.0,34.0,13,067,031113
"Census Tract 311.14, Cobb County, Georgia",4120.0,716.0,627.0,48.0,112.0,589.0,1153.0,717.0,158.0,13,067,031114
"Census Tract 301.04, Cobb County, Georgia",1684.0,1079.0,269.0,45.0,56.0,84.0,8.0,28.0,115.0,13,067,030104
"Census Tract 301.06, Cobb County, Georgia",2886.0,2069.0,105.0,46.0,53.0,74.0,317.0,119.0,103.0,13,067,030106
"Census Tract 301.07, Cobb County, Georgia",1788.0,1756.0,32.0,0.0,0.0,0.0,0.0,0.0,0.0,13,067,030107
"Census Tract 302.18, Cobb County, Georgia",1762.0,1729.0,20.0,0.0,5.0,0.0,0.0,0.0,0.0,13,067,030218
"Census Tract 302.19, Cobb County, Georgia",3371.0,3273.0,70.0,0.0,28.0,0.0,0.0,0.0,0.0,13,067,030219
"Census Tract 302.22, Cobb County, Georgia",2064.0,2053.0,0.0,0.0,11.0,0.0,0.0,0.0,0.0,13,067,030222
"Census Tract 302.23, Cobb County, Georgia",2545.0,1772.0,86.0,0.0,0.0,59.0,105.0,228.0,209.0,13,067,030223
"Census Tract 302.20, Cobb County, Georgia",607.0,595.0,0.0,0.0,12.0,0.0,0.0,0.0,0.0,13,067,030220
"Census Tract 302.24, Cobb County, Georgia",2526.0,2192.0,77.0,42.0,0.0,11.0,48.0,156.0,0.0,13,067,030224
"Census Tract 302.26, Cobb County, Georgia",4141.0,2481.0,639.0,108.0,135.0,90.0,359.0,255.0,74.0,13,067,030226
"Census Tract 302.27, Cobb County, Georgia",3414.0,2315.0,254.0,19.0,0.0,148.0,216.0,210.0,203.0,13,067,030227
"Census Tract 302.29, Cobb County, Georgia",1467.0,493.0,516.0,0.0,23.0,121.0,31.0,153.0,35.0,13,067,030229
"Census Tract 302.31, Cobb County, Georgia",3054.0,2925.0,115.0,0.0,14.0,0.0,0.0,0.0,0.0,13,067,030231
"Census Tract 311.15, Cobb County, Georgia",1926.0,1523.0,210.0,66.0,0.0,116.0,0.0,0.0,0.0,13,067,031115
"Census Tract 311.16, Cobb County, Georgia",2141.0,1080.0,250.0,0.0,200.0,106.0,414.0,59.0,0.0,13,067,031116
"Census Tract 311.17, Cobb County, Georgia",2365.0,2032.0,29.0,0.0,35.0,213.0,40.0,0.0,7.0,13,067,031117
"Census Tract 311.18, Cobb County, Georgia",2607.0,1745.0,77.0,0.0,0.0,100.0,113.0,396.0,154.0,13,067,031118
"Census Tract 312.05, Cobb County, Georgia",3138.0,524.0,1070.0,19.0,16.0,337.0,546.0,527.0,99.0,13,067,031205
"Census Tract 312.06, Cobb County, Georgia",5687.0,1431.0,1913.0,0.0,31.0,566.0,589.0,746.0,375.0,13,067,031206
"Census Tract 312.07, Cobb County, Georgia",3205.0,95.0,350.0,66.0,72.0,341.0,601.0,373.0,1307.0,13,067,031207
"Census Tract 312.08, Cobb County, Georgia",3453.0,591.0,293.0,0.0,395.0,516.0,813.0,542.0,303.0,13,067,031208
"Census Tract 303.29, Cobb County, Georgia",1688.0,1688.0,0.0,0.0,0.0,0.0,0.0,0.0,0.0,13,067,030329
"Census Tract 303.37, Cobb County, Georgia",1736.0,1554.0,80.0,0.0,0.0,0.0,35.0,0.0,67.0,13,067,030337
"Census Tract 309.01, Cobb County, Georgia",3523.0,2130.0,455.0,16.0,0.0,147.0,382.0,330.0,48.0,13,067,030901
"Census Tract 311.11, Cobb County, Georgia",2057.0,483.0,792.0,0.0,80.0,335.0,240.0,35.0,92.0,13,067,031111
"Census Tract 315.05, Cobb County, Georgia",2371.0,2209.0,96.0,0.0,0.0,21.0,0.0,25.0,20.0,13,067,031505
"Census Tract 302.15, Cobb County, Georgia",3256.0,2916.0,0.0,0.0,0.0,0.0,0.0,0.0,0.0,13,067,030215
"Census Tract 303.13, Cobb County, Georgia",3120.0,3043.0,77.0,0.0,0.0,0.0,0.0,0.0,0.0,13,067,030313
"Census Tract 303.18, Cobb County, Georgia",3021.0,2952.0,0.0,0.0,49.0,0.0,0.0,0.0,20.0,13,067,030318
"Census Tract 309.04, Cobb County, Georgia",2811.0,941.0,916.0,101.0,228.0,241.0,236.0,34.0,0.0,13,067,030904
"Census Tract 310.02, Cobb County, Georgia",3630.0,1652.0,230.0,36.0,66.0,564.0,654.0,116.0,247.0,13,067,031002
"Census Tract 313.11, Cobb County, Georgia",4025.0,1764.0,350.0,15.0,162.0,1114.0,407.0,94.0,17.0,13,067,031311
"Census Tract 314.06, Cobb County, Georgia",3529.0,1122.0,398.0,40.0,397.0,295.0,604.0,401.0,272.0,13,067,031406
"Census Tract 303.19, Cobb County, Georgia",1770.0,1046.0,507.0,0.0,29.0,65.0,78.0,0.0,9.0,13,067,030319
"Census Tract 303.22, Cobb County, Georgia",1231.0,1209.0,13.0,0.0,0.0,0.0,0.0,0.0,0.0,13,067,030322
"Census Tract 303.33, Cobb County, Georgia",2316.0,2316.0,0.0,0.0,0.0,0.0,0.0,0.0,0.0,13,067,030333
"Census Tract 314.04, Cobb County, Georgia",2417.0,2298.0,84.0,0.0,0.0,0.0,0.0,0.0,0.0,13,067,031404
"Census Tract 301.01, Cobb County, Georgia",2791.0,2582.0,104.0,11.0,17.0,0.0,0.0,0.0,0.0,13,067,030101
"Census Tract 302.14, Cobb County, Georgia",3048.0,2692.0,101.0,0.0,0.0,104.0,64.0,70.0,17.0,13,067,030214
"Census Tract 303.34, Cobb County, Georgia",1326.0,1231.0,77.0,0.0,0.0,18.0,0.0,0.0,0.0,13,067,030334
"Census Tract 303.24, Cobb County, Georgia",1284.0,1274.0,10.0,0.0,0.0,0.0,0.0,0.0,0.0,13,067,030324
"Census Tract 303.31, Cobb County, Georgia",2032.0,1998.0,0.0,0.0,0.0,0.0,0.0,11.0,0.0,13,067,030331
"Census Tract 211.02, DeKalb County, Georgia",3534.0,1446.0,305.0,39.0,64.0,267.0,237.0,161.0,971.0,13,089,021102
"Census Tract 212.16, DeKalb County, Georgia",5054.0,850.0,47.0,20.0,9.0,36.0,396.0,1128.0,2568.0,13,089,021216
"Census Tract 211.01, DeKalb County, Georgia",1559.0,1443.0,0.0,7.0,0.0,29.0,4.0,13.0,55.0,13,089,021101
"Census Tract 212.15, DeKalb County, Georgia",2915.0,389.0,217.0,0.0,73.0,146.0,316.0,703.0,1060.0,13,089,021215
"Census Tract 212.17, DeKalb County, Georgia",1026.0,750.0,6.0,11.0,21.0,114.0,92.0,32.0,0.0,13,089,021217
"Census Tract 212.18, DeKalb County, Georgia",3789.0,205.0,505.0,0.0,30.0,329.0,385.0,635.0,1660.0,13,089,021218
"Census Tract 213.05, DeKalb County, Georgia",1693.0,621.0,102.0,0.0,58.0,331.0,434.0,129.0,18.0,13,089,021305
"Census Tract 202, DeKalb County, Georgia",1135.0,328.0,232.0,36.0,91.0,152.0,161.0,79.0,56.0,13,089,020200
"Census Tract 213.03, DeKalb County, Georgia",1814.0,854.0,160.0,18.0,141.0,331.0,181.0,97.0,20.0,13,089,021303
"Census Tract 214.05, DeKalb County, Georgia",2311.0,1441.0,193.0,29.0,47.0,122.0,55.0,88.0,336.0,13,089,021405
"Census Tract 204, DeKalb County, Georgia",1342.0,692.0,114.0,35.0,187.0,137.0,115.0,20.0,42.0,13,089,020400
"Census Tract 208.01, DeKalb County, Georgia",1175.0,1094.0,0.0,53.0,4.0,0.0,11.0,0.0,13.0,13,089,020801
"Census Tract 212.10, DeKalb County, Georgia",2093.0,2088.0,0.0,0.0,5.0,0.0,0.0,0.0,0.0,13,089,021210
"Census Tract 212.11, DeKalb County, Georgia",2081.0,1909.0,72.0,0.0,0.0,0.0,41.0,51.0,8.0,13,089,021211
"Census Tract 217.06, DeKalb County, Georgia",2771.0,1581.0,19.0,0.0,0.0,449.0,251.0,425.0,46.0,13,089,021706
"Census Tract 230, DeKalb County, Georgia",1028.0,580.0,68.0,0.0,234.0,117.0,18.0,0.0,11.0,13,089,023000
"Census Tract 218.12, DeKalb County, Georgia",928.0,570.0,143.0,5.0,33.0,134.0,11.0,32.0,0.0,13,089,021812
"Census Tract 219.07, DeKalb County, Georgia",3895.0,2640.0,255.0,36.0,48.0,142.0,351.0,142.0,219.0,13,089,021907
"Census Tract 223.01, DeKalb County, Georgia",3255.0,1550.0,362.0,46.0,177.0,281.0,346.0,158.0,318.0,13,089,022301
"Census Tract 231.01, DeKalb County, Georgia",2018.0,1634.0,74.0,38.0,111.0,56.0,20.0,47.0,38.0,13,089,023101
"Census Tract 231.08, DeKalb County, Georgia",2009.0,1148.0,159.0,81.0,148.0,180.0,129.0,57.0,107.0,13,089,023108
"Census Tract 218.10, DeKalb County, Georgia",2912.0,1578.0,168.0,41.0,21.0,90.0,242.0,101.0,645.0,13,089,021810
"Census Tract 220.08, DeKalb County, Georgia",2503.0,578.0,81.0,81.0,237.0,603.0,679.0,105.0,139.0,13,089,022008
"Census Tract 229, DeKalb County, Georgia",1908.0,1533.0,121.0,25.0,114.0,0.0,0.0,31.0,84.0,13,089,022900
"Census Tract 231.02, DeKalb County, Georgia",1706.0,819.0,62.0,0.0,105.0,321.0,189.0,171.0,39.0,13,089,023102
"Census Tract 234.10, DeKalb County, Georgia",2051.0,416.0,145.0,0.0,102.0,570.0,508.0,168.0,126.0,13,089,023410
"Census Tract 213.06, DeKalb County, Georgia",2082.0,623.0,143.0,54.0,173.0,370.0,432.0,251.0,36.0,13,089,021306
"Census Tract 213.07, DeKalb County, Georgia",1297.0,913.0,79.0,0.0,45.0,150.0,49.0,0.0,22.0,13,089,021307
"Census Tract 213.08, DeKalb County, Georgia",1639.0,912.0,100.0,93.0,119.0,237.0,48.0,85.0,30.0,13,089,021308
"Census Tract 214.09, DeKalb County, Georgia",1445.0,145.0,11.0,58.0,200.0,434.0,271.0,315.0,11.0,13,089,021409
"Census Tract 214.10, DeKalb County, Georgia",2226.0,671.0,224.0,122.0,56.0,291.0,490.0,47.0,325.0,13,089,021410
"Census Tract 214.11, DeKalb County, Georgia",1977.0,708.0,148.0,10.0,95.0,116.0,128.0,454.0,318.0,13,089,021411
"Census Tract 214.12, DeKalb County, Georgia",1533.0,1280.0,183.0,42.0,12.0,16.0,0.0,0.0,0.0,13,089,021412
"Census Tract 214.13, DeKalb County, Georgia",1394.0,302.0,39.0,14.0,128.0,458.0,372.0,81.0,0.0,13,089,021413
"Census Tract 214.14, DeKalb County, Georgia",1988.0,149.0,118.0,10.0,60.0,219.0,495.0,357.0,551.0,13,089,021414
"Census Tract 214.15, DeKalb County, Georgia",1856.0,752.0,231.0,64.0,58.0,75.0,112.0,295.0,269.0,13,089,021415
"Census Tract 214.16, DeKalb County, Georgia",985.0,249.0,311.0,7.0,127.0,213.0,57.0,0.0,10.0,13,089,021416
"Census Tract 214.17, DeKalb County, Georgia",2389.0,129.0,179.0,0.0,234.0,429.0,601.0,513.0,298.0,13,089,021417
"Census Tract 216.05, DeKalb County, Georgia",2807.0,1120.0,41.0,0.0,277.0,262.0,172.0,306.0,629.0,13,089,021605
"Census Tract 218.13, DeKalb County, Georgia",1259.0,26.0,0.0,26.0,4.0,107.0,340.0,701.0,55.0,13,089,021813
"Census Tract 218.14, DeKalb County, Georgia",2439.0,389.0,315.0,31.0,240.0,495.0,557.0,263.0,98.0,13,089,021814
"Census Tract 219.11, DeKalb County, Georgia",1075.0,62.0,72.0,17.0,84.0,427.0,353.0,0.0,60.0,13,089,021911
"Census Tract 215.03, DeKalb County, Georgia",1758.0,521.0,245.0,0.0,84.0,443.0,294.0,151.0,20.0,13,089,021503
"Census Tract 215.04, DeKalb County, Georgia",2833.0,616.0,187.0,14.0,146.0,288.0,440.0,598.0,544.0,13,089,021504
"Census Tract 233.15, DeKalb County, Georgia",2036.0,2025.0,0.0,11.0,0.0,0.0,0.0,0.0,0.0,13,089,023315
"Census Tract 233.16, DeKalb County, Georgia",3203.0,2626.0,204.0,0.0,31.0,105.0,200.0,0.0,37.0,13,089,023316
"Census Tract 234.19, DeKalb County, Georgia",3610.0,3527.0,0.0,0.0,0.0,0.0,0.0,62.0,12.0,13,089,023419
"Census Tract 234.21, DeKalb County, Georgia",3845.0,1124.0,1171.0,11.0,297.0,449.0,745.0,0.0,31.0,13,089,023421
"Census Tract 234.23, DeKalb County, Georgia",3685.0,2653.0,142.0,0.0,0.0,134.0,172.0,382.0,71.0,13,089,023423
"Census Tract 234.25, DeKalb County, Georgia",2399.0,1698.0,450.0,0.0,0.0,53.0,39.0,141.0,18.0,13,089,023425
"Census Tract 234.26, DeKalb County, Georgia",1742.0,1734.0,8.0,0.0,0.0,0.0,0.0,0.0,0.0,13,089,023426
"Census Tract 234.27, DeKalb County, Georgia",1039.0,1015.0,12.0,0.0,0.0,0.0,0.0,0.0,0.0,13,089,023427
"Census Tract 234.28, DeKalb County, Georgia",4327.0,1118.0,924.0,107.0,391.0,616.0,756.0,288.0,87.0,13,089,023428
"Census Tract 9800, DeKalb County, Georgia",0.0,0.0,0.0,0.0,0.0,0.0,0.0,0.0,0.0,13,089,980000
"Census Tract 234.22, DeKalb County, Georgia",2076.0,1836.0,183.0,0.0,10.0,0.0,0.0,0.0,25.0,13,089,023422
"Census Tract 234.24, DeKalb County, Georgia",1890.0,1885.0,0.0,0.0,0.0,0.0,0.0,0.0,0.0,13,089,023424
"Census Tract 212.14, DeKalb County, Georgia",2190.0,2133.0,57.0,0.0,0.0,0.0,0.0,0.0,0.0,13,089,021214
"Census Tract 212.09, DeKalb County, Georgia",3770.0,1209.0,567.0,42.0,16.0,327.0,370.0,317.0,922.0,13,089,021209
"Census Tract 234.18, DeKalb County, Georgia",7399.0,4505.0,267.0,0.0,0.0,318.0,985.0,1166.0,124.0,13,089,023418
"Census Tract 233.03, DeKalb County, Georgia",2949.0,1730.0,324.0,59.0,53.0,210.0,144.0,113.0,73.0,13,089,023303
"Census Tract 215.02, DeKalb County, Georgia",2600.0,1075.0,53.0,13.0,96.0,129.0,292.0,465.0,477.0,13,089,021502
"Census Tract 225, DeKalb County, Georgia",2859.0,1382.0,264.0,28.0,283.0,225.0,90.0,96.0,491.0,13,089,022500
"Census Tract 216.03, DeKalb County, Georgia",2789.0,861.0,206.0,20.0,112.0,260.0,365.0,431.0,534.0,13,089,021603
"Census Tract 218.06, DeKalb County, Georgia",2665.0,1340.0,441.0,37.0,89.0,266.0,309.0,79.0,87.0,13,089,021806
"Census Tract 223.02, DeKalb County, Georgia",2052.0,1313.0,35.0,30.0,112.0,193.0,273.0,54.0,42.0,13,089,022302
"Census Tract 224.02, DeKalb County, Georgia",1256.0,155.0,0.0,33.0,42.0,35.0,96.0,177.0,718.0,13,089,022402
"Census Tract 228, DeKalb County, Georgia",1353.0,1034.0,48.0,21.0,78.0,17.0,68.0,0.0,79.0,13,089,022800
"Census Tract 232.09, DeKalb County, Georgia",1959.0,1938.0,0.0,21.0,0.0,0.0,0.0,0.0,0.0,13,089,023209
"Census Tract 232.11, DeKalb County, Georgia",1412.0,954.0,11.0,12.0,29.0,154.0,204.0,48.0,0.0,13,089,023211
"Census Tract 233.09, DeKalb County, Georgia",4082.0,2761.0,805.0,0.0,36.0,176.0,270.0,0.0,34.0,13,089,023309
"Census Tract 233.10, DeKalb County, Georgia",4413.0,1143.0,208.0,29.0,200.0,1118.0,1063.0,438.0,188.0,13,089,023310
"Census Tract 234.14, DeKalb County, Georgia",2554.0,2314.0,18.0,0.0,21.0,100.0,81.0,20.0,0.0,13,089,023414
"Census Tract 236.01, DeKalb County, Georgia",1237.0,1044.0,120.0,34.0,0.0,11.0,0.0,0.0,8.0,13,089,023601
"Census Tract 218.09, DeKalb County, Georgia",2889.0,2705.0,18.0,0.0,0.0,76.0,0.0,0.0,79.0,13,089,021809
"Census Tract 219.06, DeKalb County, Georgia",2067.0,1491.0,209.0,55.0,65.0,143.0,93.0,0.0,11.0,13,089,021906
"Census Tract 220.05, DeKalb County, Georgia",1845.0,587.0,45.0,12.0,169.0,377.0,444.0,143.0,68.0,13,089,022005
"Census Tract 226, DeKalb County, Georgia",3378.0,1139.0,522.0,82.0,234.0,74.0,137.0,31.0,1159.0,13,089,022600
"Census Tract 231.07, DeKalb County, Georgia",2050.0,1887.0,0.0,22.0,82.0,0.0,44.0,0.0,15.0,13,089,023107
"Census Tract 235.01, DeKalb County, Georgia",1555.0,1215.0,0.0,39.0,102.0,135.0,27.0,21.0,16.0,13,089,023501
"Census Tract 236.03, DeKalb County, Georgia",1607.0,1079.0,10.0,19.0,114.0,151.0,107.0,32.0,85.0,13,089,023603
"Census Tract 237, DeKalb County, Georgia",2739.0,1479.0,291.0,17.0,122.0,262.0,437.0,131.0,0.0,13,089,023700
"Census Tract 238.01, DeKalb County, Georgia",2025.0,1528.0,234.0,0.0,74.0,88.0,42.0,8.0,10.0,13,089,023801
"Census Tract 232.10, DeKalb County, Georgia",2910.0,1669.0,53.0,0.0,92.0,522.0,540.0,34.0,0.0,13,089,023210
"Census Tract 232.13, DeKalb County, Georgia",2363.0,1442.0,69.0,34.0,241.0,300.0,79.0,142.0,56.0,13,089,023213
"Census Tract 232.14, DeKalb County, Georgia",2618.0,1164.0,404.0,0.0,31.0,400.0,558.0,51.0,10.0,13,089,023214
"Census Tract 231.15, DeKalb County, Georgia",0.0,0.0,0.0,0.0,0.0,0.0,0.0,0.0,0.0,13,089,023115
"Census Tract 233.11, DeKalb County, Georgia",1601.0,1601.0,0.0,0.0,0.0,0.0,0.0,0.0,0.0,13,089,023311
"Census Tract 233.12, DeKalb County, Georgia",3682.0,3215.0,267.0,0.0,0.0,98.0,102.0,0.0,0.0,13,089,023312
"Census Tract 233.13, DeKalb County, Georgia",1761.0,1434.0,295.0,32.0,0.0,0.0,0.0,0.0,0.0,13,089,023313
"Census Tract 233.14, DeKalb County, Georgia",2383.0,2040.0,248.0,0.0,0.0,0.0,38.0,0.0,0.0,13,089,023314
"Census Tract 208.02, DeKalb County, Georgia",2053.0,1464.0,40.0,110.0,9.0,93.0,81.0,61.0,183.0,13,089,020802
"Census Tract 217.03, DeKalb County, Georgia",1845.0,1750.0,21.0,0.0,0.0,0.0,22.0,0.0,52.0,13,089,021703
"Census Tract 218.08, DeKalb County, Georgia",1751.0,940.0,160.0,8.0,413.0,76.0,145.0,0.0,0.0,13,089,021808
"Census Tract 219.08, DeKalb County, Georgia",2387.0,704.0,114.0,0.0,217.0,498.0,681.0,137.0,36.0,13,089,021908
"Census Tract 219.09, DeKalb County, Georgia",3101.0,985.0,155.0,6.0,261.0,638.0,903.0,94.0,49.0,13,089,021909
"Census Tract 212.02, DeKalb County, Georgia",3547.0,2401.0,232.0,16.0,58.0,38.0,0.0,181.0,621.0,13,089,021202
"Census Tract 235.05, DeKalb County, Georgia",1192.0,1050.0,112.0,0.0,0.0,30.0,0.0,0.0,0.0,13,089,023505
"Census Tract 224.03, DeKalb County, Georgia",1601.0,1407.0,0.0,39.0,83.0,0.0,0.0,0.0,72.0,13,089,022403
"Census Tract 235.07, DeKalb County, Georgia",1751.0,1607.0,60.0,0.0,0.0,48.0,27.0,0.0,0.0,13,089,023507
"Census Tract 238.03, DeKalb County, Georgia",2276.0,2143.0,64.0,23.0,0.0,0.0,0.0,10.0,0.0,13,089,023803
"Census Tract 203, DeKalb County, Georgia",1725.0,1240.0,109.0,73.0,141.0,39.0,88.0,24.0,11.0,13,089,020300
"Census Tract 206, DeKalb County, Georgia",1170.0,506.0,110.0,77.0,52.0,114.0,19.0,47.0,209.0,13,089,020600
"Census Tract 216.04, DeKalb County, Georgia",1303.0,1141.0,123.0,10.0,29.0,0.0,0.0,0.0,0.0,13,089,021604
"Census Tract 219.10, DeKalb County, Georgia",2345.0,995.0,583.0,0.0,28.0,277.0,363.0,80.0,19.0,13,089,021910
"Census Tract 219.12, DeKalb County, Georgia",1500.0,1490.0,0.0,0.0,0.0,0.0,0.0,0.0,0.0,13,089,021912
"Census Tract 219.13, DeKalb County, Georgia",2496.0,149.0,184.0,38.0,127.0,597.0,1207.0,114.0,51.0,13,089,021913
"Census Tract 220.09, DeKalb County, Georgia",2219.0,113.0,139.0,29.0,82.0,630.0,852.0,251.0,91.0,13,089,022009
"Census Tract 220.10, DeKalb County, Georgia",682.0,517.0,14.0,6.0,8.0,107.0,15.0,0.0,9.0,13,089,022010
"Census Tract 222.03, DeKalb County, Georgia",1303.0,276.0,45.0,23.0,0.0,45.0,342.0,264.0,308.0,13,089,022203
"Census Tract 222.04, DeKalb County, Georgia",3155.0,1010.0,222.0,117.0,45.0,435.0,688.0,367.0,271.0,13,089,022204
"Census Tract 231.11, DeKalb County, Georgia",752.0,596.0,137.0,5.0,6.0,8.0,0.0,0.0,0.0,13,089,023111
"Census Tract 231.12, DeKalb County, Georgia",2438.0,262.0,154.0,54.0,305.0,803.0,403.0,398.0,59.0,13,089,023112
"Census Tract 231.13, DeKalb County, Georgia",1449.0,404.0,170.0,0.0,106.0,220.0,482.0,46.0,21.0,13,089,023113
"Census Tract 231.14, DeKalb County, Georgia",951.0,935.0,12.0,0.0,0.0,0.0,0.0,0.0,0.0,13,089,023114
"Census Tract 216.02, DeKalb County, Georgia",2033.0,769.0,371.0,0.0,189.0,202.0,169.0,142.0,181.0,13,089,021602
"Census Tract 217.04, DeKalb County, Georgia",2421.0,1966.0,68.0,10.0,199.0,90.0,88.0,0.0,0.0,13,089,021704
"Census Tract 217.05, DeKalb County, Georgia",2622.0,557.0,187.0,0.0,366.0,390.0,380.0,393.0,341.0,13,089,021705
"Census Tract 220.01, DeKalb County, Georgia",2142.0,1560.0,55.0,0.0,0.0,98.0,167.0,189.0,73.0,13,089,022001
"Census Tract 220.07, DeKalb County, Georgia",1126.0,114.0,58.0,11.0,244.0,245.0,247.0,127.0,80.0,13,089,022007
"Census Tract 224.01, DeKalb County, Georgia",2027.0,944.0,161.0,12.0,65.0,276.0,207.0,192.0,170.0,13,089,022401
"Census Tract 221, DeKalb County, Georgia",1573.0,618.0,159.0,20.0,51.0,239.0,172.0,175.0,139.0,13,089,022100
"Census Tract 227, DeKalb County, Georgia",1831.0,1446.0,66.0,72.0,55.0,71.0,38.0,72.0,11.0,13,089,022700
"Census Tract 232.04, DeKalb County, Georgia",2577.0,2376.0,115.0,0.0,0.0,75.0,0.0,0.0,0.0,13,089,023204
"Census Tract 235.06, DeKalb County, Georgia",2555.0,1805.0,116.0,0.0,56.0,189.0,234.0,41.0,59.0,13,089,023506
"Census Tract 234.12, DeKalb County, Georgia",2623.0,1848.0,275.0,0.0,15.0,158.0,199.0,128.0,0.0,13,089,023412
"Census Tract 234.16, DeKalb County, Georgia",2623.0,2013.0,75.0,0.0,0.0,98.0,141.0,224.0,72.0,13,089,023416
"Census Tract 205, DeKalb County, Georgia",1838.0,1000.0,202.0,137.0,19.0,86.0,149.0,28.0,217.0,13,089,020500
"Census Tract 209, DeKalb County, Georgia",2969.0,2446.0,48.0,93.0,45.0,139.0,17.0,32.0,149.0,13,089,020900
"Census Tract 207, DeKalb County, Georgia",1231.0,722.0,81.0,0.0,158.0,87.0,62.0,57.0,64.0,13,089,020700
"Census Tract 212.04, DeKalb County, Georgia",857.0,73.0,22.0,65.0,198.0,242.0,225.0,16.0,0.0,13,089,021204
"Census Tract 212.13, DeKalb County, Georgia",1239.0,1190.0,40.0,0.0,0.0,0.0,0.0,0.0,0.0,13,089,021213
"Census Tract 218.05, DeKalb County, Georgia",2755.0,1891.0,262.0,65.0,127.0,142.0,168.0,47.0,53.0,13,089,021805
"Census Tract 220.04, DeKalb County, Georgia",1795.0,1355.0,17.0,0.0,48.0,157.0,81.0,121.0,0.0,13,089,022004
"Census Tract 232.08, DeKalb County, Georgia",2514.0,1634.0,315.0,9.0,22.0,177.0,297.0,44.0,16.0,13,089,023208
"Census Tract 232.12, DeKalb County, Georgia",1469.0,1157.0,71.0,0.0,7.0,99.0,80.0,41.0,14.0,13,089,023212
"Census Tract 235.04, DeKalb County, Georgia",1587.0,765.0,115.0,8.0,168.0,301.0,115.0,56.0,50.0,13,089,023504
"Census Tract 236.02, DeKalb County, Georgia",1083.0,896.0,10.0,0.0,51.0,111.0,15.0,0.0,0.0,13,089,023602
"Census Tract 201, DeKalb County, Georgia",803.0,558.0,85.0,23.0,0.0,0.0,30.0,36.0,71.0,13,089,020100
"Census Tract 213.01, DeKalb County, Georgia",1857.0,342.0,173.0,49.0,131.0,180.0,523.0,300.0,117.0,13,089,021301
"Census Tract 233.06, DeKalb County, Georgia",2584.0,2402.0,90.0,0.0,0.0,53.0,0.0,0.0,0.0,13,089,023306
"Census Tract 232.06, DeKalb County, Georgia",3135.0,2369.0,428.0,0.0,37.0,12.0,0.0,77.0,199.0,13,089,023206
"Census Tract 234.11, DeKalb County, Georgia",1576.0,1151.0,0.0,0.0,19.0,172.0,169.0,57.0,8.0,13,089,023411
"Census Tract 234.13, DeKalb County, Georgia",1443.0,1399.0,22.0,22.0,0.0,0.0,0.0,0.0,0.0,13,089,023413
"Census Tract 238.02, DeKalb County, Georgia",1569.0,827.0,43.0,29.0,229.0,81.0,126.0,143.0,91.0,13,089,023802
"Census Tract 212.08, DeKalb County, Georgia",2080.0,1026.0,102.0,16.0,144.0,26.0,37.0,224.0,494.0,13,089,021208
"Census Tract 101.22, Fulton County, Georgia",3452.0,531.0,353.0,0.0,124.0,316.0,1007.0,607.0,496.0,13,121,010122
"Census Tract 101.23, Fulton County, Georgia",2429.0,364.0,195.0,49.0,108.0,831.0,646.0,101.0,74.0,13,121,010123
"Census Tract 102.11, Fulton County, Georgia",1224.0,925.0,20.0,0.0,0.0,23.0,26.0,0.0,196.0,13,121,010211
"Census Tract 76.02, Fulton County, Georgia",1191.0,779.0,11.0,0.0,24.0,63.0,159.0,80.0,36.0,13,121,007602
"Census Tract 17, Fulton County, Georgia",2918.0,465.0,76.0,145.0,141.0,96.0,145.0,205.0,1645.0,13,121,001700
"Census Tract 78.02, Fulton County, Georgia",4130.0,2522.0,119.0,49.0,166.0,326.0,525.0,206.0,110.0,13,121,007802
"Census Tract 78.05, Fulton County, Georgia",1491.0,621.0,13.0,8.0,8.0,341.0,208.0,84.0,208.0,13,121,007805
"Census Tract 97, Fulton County, Georgia",1652.0,1296.0,169.0,10.0,0.0,34.0,40.0,29.0,74.0,13,121,009700
"Census Tract 102.06, Fulton County, Georgia",2586.0,1872.0,251.0,0.0,19.0,35.0,97.0,8.0,290.0,13,121,010206
"Census Tract 113.03, Fulton County, Georgia",4384.0,1902.0,48.0,72.0,289.0,935.0,841.0,57.0,117.0,13,121,011303
"Census Tract 102.12, Fulton County, Georgia",2219.0,644.0,290.0,124.0,105.0,510.0,319.0,189.0,28.0,13,121,010212
"Census Tract 105.15, Fulton County, Georgia",2200.0,1756.0,87.0,31.0,84.0,9.0,0.0,39.0,194.0,13,121,010515
"Census Tract 105.16, Fulton County, Georgia",3198.0,2677.0,277.0,94.0,12.0,45.0,0.0,27.0,0.0,13,121,010516
"Census Tract 113.05, Fulton County, Georgia",2793.0,444.0,188.0,41.0,18.0,350.0,1079.0,334.0,339.0,13,121,011305
"Census Tract 113.06, Fulton County, Georgia",1377.0,527.0,8.0,0.0,86.0,376.0,313.0,49.0,0.0,13,121,011306
"Census Tract 114.16, Fulton County, Georgia",2063.0,1921.0,142.0,0.0,0.0,0.0,0.0,0.0,0.0,13,121,011416
"Census Tract 114.17, Fulton County, Georgia",2283.0,1467.0,219.0,0.0,34.0,75.0,56.0,0.0,389.0,13,121,011417
"Census Tract 114.18, Fulton County, Georgia",2369.0,2120.0,131.0,40.0,13.0,0.0,0.0,0.0,65.0,13,121,011418
"Census Tract 52, Fulton County, Georgia",2287.0,1375.0,296.0,0.0,264.0,126.0,39.0,43.0,144.0,13,121,005200
"Census Tract 64, Fulton County, Georgia",469.0,226.0,6.0,54.0,116.0,42.0,0.0,0.0,25.0,13,121,006400
"Census Tract 72, Fulton County, Georgia",1025.0,613.0,12.0,0.0,0.0,74.0,168.0,71.0,87.0,13,121,007200
"Census Tract 105.08, Fulton County, Georgia",1430.0,1203.0,187.0,0.0,26.0,7.0,0.0,7.0,0.0,13,121,010508
"Census Tract 4, Fulton County, Georgia",1222.0,254.0,95.0,0.0,24.0,53.0,133.0,113.0,542.0,13,121,000400
"Census Tract 1, Fulton County, Georgia",2140.0,1586.0,159.0,55.0,56.0,14.0,68.0,47.0,155.0,13,121,000100
"Census Tract 6, Fulton County, Georgia",3471.0,207.0,174.0,173.0,81.0,138.0,42.0,119.0,2537.0,13,121,000600
"Census Tract 35, Fulton County, Georgia",821.0,37.0,24.0,4.0,18.0,23.0,113.0,175.0,406.0,13,121,003500
"Census Tract 41, Fulton County, Georgia",1190.0,872.0,12.0,88.0,57.0,60.0,101.0,0.0,0.0,13,121,004100
"Census Tract 50, Fulton County, Georgia",1599.0,473.0,52.0,138.0,50.0,48.0,47.0,70.0,721.0,13,121,005000
"Census Tract 55.02, Fulton County, Georgia",1457.0,330.0,8.0,17.0,65.0,283.0,304.0,189.0,236.0,13,121,005502
"Census Tract 61, Fulton County, Georgia",1695.0,1563.0,50.0,40.0,11.0,31.0,0.0,0.0,0.0,13,121,006100
"Census Tract 63, Fulton County, Georgia",1154.0,901.0,9.0,84.0,50.0,0.0,24.0,36.0,50.0,13,121,006300
"Census Tract 75, Fulton County, Georgia",2027.0,927.0,32.0,0.0,81.0,185.0,145.0,115.0,542.0,13,121,007500
"Census Tract 78.07, Fulton County, Georgia",1477.0,980.0,6.0,14.0,20.0,171.0,132.0,35.0,119.0,13,121,007807
"Census Tract 78.08, Fulton County, Georgia",1970.0,279.0,0.0,0.0,96.0,850.0,635.0,44.0,66.0,13,121,007808
"Census Tract 81.02, Fulton County, Georgia",3390.0,1068.0,58.0,38.0,121.0,545.0,992.0,196.0,372.0,13,121,008102
"Census Tract 108, Fulton County, Georgia",3380.0,1910.0,76.0,189.0,27.0,223.0,262.0,135.0,385.0,13,121,010800
"Census Tract 114.05, Fulton County, Georgia",3150.0,1301.0,307.0,26.0,180.0,350.0,435.0,329.0,222.0,13,121,011405
"Census Tract 114.12, Fulton County, Georgia",3888.0,2298.0,261.0,62.0,14.0,121.0,818.0,208.0,87.0,13,121,011412
"Census Tract 110, Fulton County, Georgia",1227.0,585.0,33.0,98.0,112.0,81.0,30.0,8.0,66.0,13,121,011000
"Census Tract 111, Fulton County, Georgia",1406.0,1115.0,43.0,0.0,31.0,0.0,56.0,11.0,106.0,13,121,011100
"Census Tract 21, Fulton County, Georgia",1156.0,12.0,34.0,10.0,16.0,339.0,218.0,98.0,429.0,13,121,002100
"Census Tract 79, Fulton County, Georgia",2548.0,2093.0,198.0,0.0,69.0,0.0,141.0,47.0,0.0,13,121,007900
"Census Tract 112.01, Fulton County, Georgia",2023.0,1213.0,82.0,125.0,40.0,195.0,322.0,9.0,29.0,13,121,011201
"Census Tract 39, Fulton County, Georgia",1023.0,625.0,32.0,199.0,0.0,0.0,48.0,77.0,0.0,13,121,003900
"Census Tract 102.10, Fulton County, Georgia",2858.0,1181.0,464.0,0.0,152.0,311.0,593.0,127.0,20.0,13,121,010210
"Census Tract 85, Fulton County, Georgia",1581.0,1398.0,15.0,79.0,38.0,0.0,16.0,0.0,0.0,13,121,008500
"Census Tract 89.02, Fulton County, Georgia",5011.0,1065.0,455.0,0.0,236.0,469.0,383.0,537.0,1866.0,13,121,008902
"Census Tract 99, Fulton County, Georgia",2327.0,1225.0,223.0,0.0,51.0,163.0,171.0,204.0,290.0,13,121,009900
"Census Tract 101.06, Fulton County, Georgia",2065.0,769.0,123.0,0.0,97.0,328.0,546.0,15.0,187.0,13,121,010106
"Census Tract 102.05, Fulton County, Georgia",2756.0,1700.0,402.0,0.0,62.0,18.0,37.0,30.0,507.0,13,121,010205
"Census Tract 102.08, Fulton County, Georgia",2587.0,654.0,22.0,0.0,120.0,340.0,663.0,189.0,599.0,13,121,010208
"Census Tract 103.01, Fulton County, Georgia",6908.0,6206.0,25.0,0.0,55.0,168.0,157.0,75.0,99.0,13,121,010301
"Census Tract 105.07, Fulton County, Georgia",3344.0,1729.0,145.0,89.0,111.0,219.0,605.0,372.0,23.0,13,121,010507
"Census Tract 2, Fulton County, Georgia",2806.0,1740.0,46.0,62.0,214.0,203.0,129.0,263.0,149.0,13,121,000200
"Census Tract 19, Fulton County, Georgia",1931.0,25.0,0.0,11.0,34.0,129.0,226.0,216.0,1290.0,13,121,001900
"Census Tract 29, Fulton County, Georgia",1569.0,396.0,36.0,21.0,93.0,166.0,112.0,65.0,680.0,13,121,002900
"Census Tract 30, Fulton County, Georgia",2031.0,638.0,251.0,48.0,34.0,135.0,201.0,136.0,588.0,13,121,003000
"Census Tract 43, Fulton County, Georgia",651.0,48.0,12.0,0.0,48.0,125.0,225.0,167.0,26.0,13,121,004300
"Census Tract 58, Fulton County, Georgia",773.0,551.0,9.0,42.0,60.0,54.0,57.0,0.0,0.0,13,121,005800
"Census Tract 83.01, Fulton County, Georgia",1577.0,1003.0,0.0,39.0,74.0,248.0,213.0,0.0,0.0,13,121,008301
"Census Tract 73, Fulton County, Georgia",3343.0,1273.0,122.0,86.0,88.0,719.0,584.0,85.0,386.0,13,121,007300
"Census Tract 78.06, Fulton County, Georgia",2581.0,1310.0,38.0,15.0,22.0,336.0,528.0,55.0,195.0,13,121,007806
"Census Tract 80, Fulton County, Georgia",2501.0,2172.0,0.0,37.0,113.0,12.0,91.0,64.0,0.0,13,121,008000
"Census Tract 84, Fulton County, Georgia",2028.0,894.0,80.0,94.0,72.0,328.0,276.0,135.0,134.0,13,121,008400
"Census Tract 86.02, Fulton County, Georgia",653.0,305.0,0.0,0.0,9.0,9.0,167.0,163.0,0.0,13,121,008602
"Census Tract 90, Fulton County, Georgia",2337.0,1182.0,25.0,23.0,41.0,62.0,196.0,323.0,485.0,13,121,009000
"Census Tract 93, Fulton County, Georgia",2662.0,1268.0,85.0,123.0,19.0,197.0,84.0,312.0,574.0,13,121,009300
"Census Tract 94.02, Fulton County, Georgia",3175.0,57.0,122.0,57.0,0.0,82.0,158.0,321.0,2378.0,13,121,009402
"Census Tract 101.07, Fulton County, Georgia",762.0,762.0,0.0,0.0,0.0,0.0,0.0,0.0,0.0,13,121,010107
"Census Tract 103.04, Fulton County, Georgia",5667.0,5462.0,139.0,0.0,0.0,0.0,66.0,0.0,0.0,13,121,010304
"Census Tract 106.03, Fulton County, Georgia",1844.0,332.0,62.0,15.0,125.0,616.0,552.0,108.0,34.0,13,121,010603
"Census Tract 37, Fulton County, Georgia",164.0,0.0,0.0,0.0,0.0,19.0,0.0,37.0,108.0,13,121,003700
"Census Tract 24, Fulton County, Georgia",1507.0,1047.0,0.0,110.0,113.0,91.0,118.0,6.0,6.0,13,121,002400
"Census Tract 25, Fulton County, Georgia",1364.0,449.0,40.0,59.0,58.0,160.0,403.0,97.0,98.0,13,121,002500
"Census Tract 26, Fulton County, Georgia",619.0,125.0,6.0,22.0,85.0,39.0,269.0,58.0,15.0,13,121,002600
"Census Tract 44, Fulton County, Georgia",1435.0,188.0,26.0,32.0,60.0,133.0,66.0,179.0,751.0,13,121,004400
"Census Tract 86.01, Fulton County, Georgia",2324.0,1195.0,61.0,169.0,70.0,55.0,96.0,173.0,460.0,13,121,008601
"Census Tract 74, Fulton County, Georgia",1556.0,424.0,18.0,35.0,123.0,365.0,241.0,64.0,210.0,13,121,007400
"Census Tract 82.01, Fulton County, Georgia",2972.0,2091.0,54.0,0.0,18.0,219.0,210.0,0.0,173.0,13,121,008201
"Census Tract 82.02, Fulton County, Georgia",981.0,905.0,0.0,0.0,0.0,22.0,32.0,13.0,9.0,13,121,008202
"Census Tract 101.08, Fulton County, Georgia",1749.0,1346.0,8.0,0.0,0.0,59.0,117.0,71.0,140.0,13,121,010108
"Census Tract 101.10, Fulton County, Georgia",4392.0,1033.0,523.0,58.0,0.0,235.0,452.0,242.0,1817.0,13,121,010110
"Census Tract 103.03, Fulton County, Georgia",4493.0,3059.0,245.0,0.0,20.0,186.0,448.0,308.0,227.0,13,121,010303
"Census Tract 67, Fulton County, Georgia",2121.0,1013.0,192.0,89.0,97.0,159.0,136.0,41.0,394.0,13,121,006700
"Census Tract 69, Fulton County, Georgia",1666.0,1102.0,34.0,20.0,244.0,144.0,85.0,0.0,37.0,13,121,006900
"Census Tract 70.02, Fulton County, Georgia",1307.0,944.0,41.0,20.0,43.0,67.0,131.0,0.0,24.0,13,121,007002
"Census Tract 71, Fulton County, Georgia",1092.0,789.0,6.0,0.0,43.0,17.0,143.0,72.0,6.0,13,121,007100
"Census Tract 83.02, Fulton County, Georgia",1176.0,815.0,0.0,24.0,0.0,171.0,93.0,50.0,0.0,13,121,008302
"Census Tract 92, Fulton County, Georgia",4410.0,865.0,176.0,227.0,46.0,251.0,656.0,636.0,1553.0,13,121,009200
"Census Tract 102.04, Fulton County, Georgia",2029.0,1975.0,0.0,0.0,0.0,0.0,0.0,0.0,54.0,13,121,010204
"Census Tract 102.09, Fulton County, Georgia",3076.0,251.0,115.0,70.0,92.0,543.0,1433.0,283.0,289.0,13,121,010209
"Census Tract 104, Fulton County, Georgia",3696.0,3066.0,135.0,22.0,225.0,74.0,34.0,25.0,115.0,13,121,010400
"Census Tract 15, Fulton County, Georgia",2772.0,650.0,76.0,99.0,288.0,458.0,484.0,247.0,470.0,13,121,001500
"Census Tract 23, Fulton County, Georgia",1180.0,463.0,0.0,146.0,116.0,248.0,164.0,0.0,43.0,13,121,002300
"Census Tract 114.19, Fulton County, Georgia",2589.0,1371.0,922.0,0.0,116.0,0.0,59.0,0.0,121.0,13,121,011419
"Census Tract 114.20, Fulton County, Georgia",2518.0,302.0,361.0,0.0,142.0,704.0,681.0,140.0,102.0,13,121,011420
"Census Tract 114.21, Fulton County, Georgia",1692.0,228.0,403.0,26.0,161.0,381.0,313.0,103.0,77.0,13,121,011421
"Census Tract 114.22, Fulton County, Georgia",1637.0,727.0,242.0,12.0,52.0,197.0,276.0,84.0,47.0,13,121,011422
"Census Tract 114.23, Fulton County, Georgia",2019.0,1606.0,52.0,0.0,33.0,101.0,146.0,74.0,7.0,13,121,011423
"Census Tract 114.24, Fulton County, Georgia",2284.0,1617.0,369.0,29.0,65.0,74.0,25.0,69.0,36.0,13,121,011424
"Census Tract 114.25, Fulton County, Georgia",2417.0,1990.0,18.0,0.0,32.0,137.0,123.0,66.0,25.0,13,121,011425
"Census Tract 114.26, Fulton County, Georgia",785.0,780.0,0.0,0.0,5.0,0.0,0.0,0.0,0.0,13,121,011426
"Census Tract 114.27, Fulton County, Georgia",3148.0,2971.0,143.0,0.0,0.0,16.0,0.0,0.0,0.0,13,121,011427
"Census Tract 115.03, Fulton County, Georgia",3712.0,3598.0,70.0,0.0,0.0,0.0,0.0,0.0,0.0,13,121,011503
"Census Tract 115.04, Fulton County, Georgia",4463.0,4406.0,22.0,0.0,0.0,35.0,0.0,0.0,0.0,13,121,011504
"Census Tract 115.05, Fulton County, Georgia",1366.0,1158.0,179.0,0.0,0.0,0.0,0.0,0.0,0.0,13,121,011505
"Census Tract 115.06, Fulton County, Georgia",2197.0,2183.0,0.0,0.0,14.0,0.0,0.0,0.0,0.0,13,121,011506
"Census Tract 116.10, Fulton County, Georgia",2141.0,1507.0,178.0,14.0,21.0,127.0,217.0,42.0,35.0,13,121,011610
"Census Tract 116.11, Fulton County, Georgia",3800.0,938.0,706.0,178.0,0.0,270.0,432.0,513.0,763.0,13,121,011611
"Census Tract 116.12, Fulton County, Georgia",1255.0,1191.0,56.0,0.0,0.0,0.0,0.0,0.0,0.0,13,121,011612
"Census Tract 116.13, Fulton County, Georgia",2418.0,1729.0,305.0,0.0,0.0,82.0,232.0,54.0,16.0,13,121,011613
"Census Tract 116.14, Fulton County, Georgia",6689.0,2607.0,1378.0,0.0,214.0,592.0,1069.0,547.0,282.0,13,121,011614
"Census Tract 116.15, Fulton County, Georgia",3850.0,3036.0,496.0,0.0,105.0,37.0,0.0,10.0,166.0,13,121,011615
"Census Tract 116.16, Fulton County, Georgia",3121.0,515.0,628.0,71.0,371.0,359.0,753.0,124.0,300.0,13,121,011616
"Census Tract 116.17, Fulton County, Georgia",3110.0,2328.0,333.0,0.0,91.0,17.0,90.0,132.0,119.0,13,121,011617
"Census Tract 116.18, Fulton County, Georgia",1670.0,1078.0,146.0,0.0,10.0,44.0,229.0,68.0,71.0,13,121,011618
"Census Tract 116.19, Fulton County, Georgia",3360.0,1037.0,138.0,0.0,99.0,654.0,925.0,251.0,256.0,13,121,011619
"Census Tract 116.20, Fulton County, Georgia",3482.0,3085.0,65.0,0.0,42.0,39.0,97.0,0.0,154.0,13,121,011620
"Census Tract 116.21, Fulton County, Georgia",2625.0,1949.0,21.0,0.0,97.0,67.0,329.0,101.0,33.0,13,121,011621
"Census Tract 116.22, Fulton County, Georgia",3633.0,3152.0,160.0,0.0,0.0,0.0,200.0,121.0,0.0,13,121,011622
"Census Tract 116.23, Fulton County, Georgia",4456.0,2641.0,610.0,0.0,101.0,236.0,512.0,156.0,115.0,13,121,011623
"Census Tract 116.24, Fulton County, Georgia",1241.0,1227.0,0.0,0.0,0.0,0.0,0.0,0.0,0.0,13,121,011624
"Census Tract 116.25, Fulton County, Georgia",2805.0,1810.0,125.0,0.0,78.0,274.0,297.0,95.0,116.0,13,121,011625
"Census Tract 116.26, Fulton County, Georgia",3361.0,2163.0,47.0,0.0,59.0,173.0,244.0,90.0,585.0,13,121,011626
"Census Tract 118, Fulton County, Georgia",1451.0,402.0,11.0,12.0,18.0,244.0,279.0,70.0,404.0,13,121,011800
"Census Tract 119, Fulton County, Georgia",2169.0,67.0,74.0,0.0,63.0,35.0,243.0,438.0,1240.0,13,121,011900
"Census Tract 120, Fulton County, Georgia",1645.0,475.0,74.0,92.0,88.0,408.0,191.0,38.0,279.0,13,121,012000
"Census Tract 105.11, Fulton County, Georgia",3393.0,2565.0,152.0,0.0,0.0,213.0,346.0,101.0,0.0,13,121,010511
"Census Tract 105.14, Fulton County, Georgia",4716.0,3705.0,126.0,17.0,122.0,375.0,288.0,0.0,83.0,13,121,010514
"Census Tract 113.01, Fulton County, Georgia",2037.0,1940.0,46.0,7.0,23.0,0.0,0.0,21.0,0.0,13,121,011301
"Census Tract 114.10, Fulton County, Georgia",2729.0,1780.0,181.0,0.0,138.0,432.0,146.0,31.0,21.0,13,121,011410
"Census Tract 114.11, Fulton County, Georgia",3206.0,2089.0,438.0,55.0,26.0,223.0,193.0,96.0,25.0,13,121,011411
"Census Tract 114.14, Fulton County, Georgia",3125.0,1412.0,256.0,54.0,57.0,335.0,607.0,214.0,166.0,13,121,011414
"Census Tract 68.02, Fulton County, Georgia",608.0,220.0,0.0,0.0,0.0,106.0,182.0,27.0,60.0,13,121,006802
"Census Tract 62, Fulton County, Georgia",752.0,580.0,0.0,104.0,48.0,10.0,10.0,0.0,0.0,13,121,006200
"Census Tract 65, Fulton County, Georgia",1828.0,1492.0,40.0,226.0,22.0,22.0,21.0,0.0,0.0,13,121,006500
"Census Tract 10.02, Fulton County, Georgia",586.0,6.0,0.0,0.0,10.0,25.0,33.0,78.0,434.0,13,121,001002
"Census Tract 12.02, Fulton County, Georgia",4068.0,163.0,0.0,0.0,0.0,86.0,303.0,180.0,3336.0,13,121,001202
"Census Tract 10.01, Fulton County, Georgia",1371.0,109.0,35.0,25.0,19.0,28.0,34.0,68.0,1053.0,13,121,001001
"Census Tract 12.01, Fulton County, Georgia",2922.0,223.0,120.0,81.0,254.0,228.0,282.0,371.0,1314.0,13,121,001201
"Census Tract 76.03, Fulton County, Georgia",2679.0,303.0,20.0,18.0,342.0,625.0,562.0,207.0,553.0,13,121,007603
"Census Tract 76.04, Fulton County, Georgia",1541.0,252.0,20.0,32.0,51.0,335.0,569.0,261.0,21.0,13,121,007604
"Census Tract 77.03, Fulton County, Georgia",1855.0,1277.0,50.0,38.0,109.0,175.0,136.0,0.0,28.0,13,121,007703
"Census Tract 123, Fulton County, Georgia",1509.0,798.0,30.0,109.0,219.0,125.0,57.0,10.0,136.0,13,121,012300
"Census Tract 9800, Fulton County, Georgia",0.0,0.0,0.0,0.0,0.0,0.0,0.0,0.0,0.0,13,121,980000
"Census Tract 77.04, Fulton County, Georgia",2498.0,994.0,221.0,55.0,83.0,716.0,272.0,57.0,100.0,13,121,007704
"Census Tract 77.05, Fulton County, Georgia",2244.0,496.0,67.0,10.0,17.0,512.0,594.0,123.0,401.0,13,121,007705
"Census Tract 77.06, Fulton County, Georgia",4880.0,1746.0,316.0,0.0,23.0,522.0,1003.0,185.0,1085.0,13,121,007706
"Census Tract 89.03, Fulton County, Georgia",912.0,41.0,416.0,24.0,13.0,133.0,91.0,37.0,74.0,13,121,008903
"Census Tract 89.04, Fulton County, Georgia",2916.0,797.0,575.0,33.0,231.0,548.0,89.0,374.0,269.0,13,121,008904
"Census Tract 91.01, Fulton County, Georgia",4041.0,413.0,283.0,26.0,147.0,158.0,465.0,457.0,2045.0,13,121,009101
"Census Tract 91.02, Fulton County, Georgia",2376.0,410.0,18.0,0.0,86.0,197.0,176.0,275.0,1200.0,13,121,009102
"Census Tract 87, Fulton County, Georgia",2785.0,1092.0,121.0,17.0,160.0,139.0,234.0,292.0,730.0,13,121,008700
"Census Tract 95.01, Fulton County, Georgia",2123.0,998.0,174.0,0.0,28.0,13.0,89.0,66.0,755.0,13,121,009501
"Census Tract 94.03, Fulton County, Georgia",3318.0,104.0,194.0,16.0,0.0,175.0,523.0,795.0,1451.0,13,121,009403
"Census Tract 94.04, Fulton County, Georgia",2685.0,707.0,353.0,0.0,15.0,136.0,185.0,308.0,981.0,13,121,009404
"Census Tract 95.02, Fulton County, Georgia",2985.0,344.0,86.0,0.0,83.0,200.0,119.0,115.0,2019.0,13,121,009502
"Census Tract 96.01, Fulton County, Georgia",1660.0,174.0,120.0,22.0,82.0,30.0,180.0,154.0,898.0,13,121,009601
"Census Tract 96.02, Fulton County, Georgia",3604.0,605.0,393.0,50.0,16.0,68.0,137.0,121.0,2214.0,13,121,009602
"Census Tract 96.03, Fulton County, Georgia",3735.0,413.0,210.0,11.0,45.0,124.0,353.0,173.0,2406.0,13,121,009603
"Census Tract 98.01, Fulton County, Georgia",2456.0,1344.0,81.0,0.0,8.0,0.0,0.0,17.0,1006.0,13,121,009801
"Census Tract 98.02, Fulton County, Georgia",2133.0,1249.0,71.0,10.0,66.0,46.0,132.0,140.0,408.0,13,121,009802
"Census Tract 100.01, Fulton County, Georgia",3166.0,735.0,517.0,25.0,74.0,36.0,93.0,106.0,1580.0,13,121,010001
"Census Tract 100.02, Fulton County, Georgia",4719.0,1775.0,78.0,0.0,140.0,15.0,57.0,243.0,2367.0,13,121,010002
"Census Tract 101.13, Fulton County, Georgia",3467.0,335.0,148.0,0.0,40.0,379.0,963.0,677.0,899.0,13,121,010113
"Census Tract 101.15, Fulton County, Georgia",1241.0,566.0,219.0,0.0,9.0,78.0,57.0,59.0,246.0,13,121,010115
"Census Tract 101.14, Fulton County, Georgia",3321.0,1116.0,279.0,16.0,74.0,371.0,720.0,379.0,366.0,13,121,010114
"Census Tract 101.17, Fulton County, Georgia",2025.0,71.0,108.0,0.0,66.0,557.0,983.0,181.0,59.0,13,121,010117
"Census Tract 101.18, Fulton County, Georgia",2461.0,469.0,111.0,48.0,403.0,521.0,794.0,63.0,0.0,13,121,010118
"Census Tract 101.19, Fulton County, Georgia",2597.0,141.0,488.0,141.0,66.0,711.0,770.0,89.0,138.0,13,121,010119
"Census Tract 101.20, Fulton County, Georgia",1250.0,62.0,307.0,85.0,95.0,299.0,280.0,122.0,0.0,13,121,010120
"Census Tract 101.21, Fulton County, Georgia",1310.0,446.0,112.0,6.0,0.0,40.0,94.0,75.0,537.0,13,121,010121
"Census Tract 66.01, Fulton County, Georgia",999.0,921.0,14.0,0.0,27.0,20.0,0.0,5.0,12.0,13,121,006601
"Census Tract 70.01, Fulton County, Georgia",1893.0,1418.0,5.0,77.0,35.0,219.0,104.0,10.0,25.0,13,121,007001
"Census Tract 11, Fulton County, Georgia",4607.0,147.0,30.0,0.0,9.0,59.0,316.0,380.0,3642.0,13,121,001100
"Census Tract 14, Fulton County, Georgia",1525.0,275.0,104.0,30.0,140.0,127.0,386.0,210.0,253.0,13,121,001400
"Census Tract 18, Fulton County, Georgia",3301.0,124.0,261.0,0.0,201.0,241.0,411.0,249.0,1773.0,13,121,001800
"Census Tract 32, Fulton County, Georgia",1509.0,569.0,48.0,89.0,109.0,30.0,92.0,99.0,473.0,13,121,003200
"Census Tract 36, Fulton County, Georgia",977.0,11.0,22.0,15.0,30.0,63.0,177.0,80.0,579.0,13,121,003600
"Census Tract 68.01, Fulton County, Georgia",0.0,0.0,0.0,0.0,0.0,0.0,0.0,0.0,0.0,13,121,006801
"Census Tract 88, Fulton County, Georgia",2483.0,1903.0,143.0,47.0,18.0,172.0,124.0,0.0,76.0,13,121,008800
"Census Tract 105.12, Fulton County, Georgia",2973.0,932.0,291.0,17.0,209.0,817.0,617.0,0.0,55.0,13,121,010512
"Census Tract 105.13, Fulton County, Georgia",5445.0,3805.0,456.0,61.0,280.0,628.0,116.0,0.0,0.0,13,121,010513
"Census Tract 106.01, Fulton County, Georgia",1823.0,898.0,35.0,195.0,357.0,155.0,132.0,40.0,11.0,13,121,010601
"Census Tract 106.04, Fulton County, Georgia",1952.0,557.0,9.0,0.0,69.0,275.0,559.0,369.0,105.0,13,121,010604
"Census Tract 112.02, Fulton County, Georgia",2328.0,1592.0,0.0,194.0,58.0,248.0,100.0,69.0,31.0,13,121,011202
"Census Tract 7, Fulton County, Georgia",417.0,366.0,21.0,8.0,4.0,13.0,5.0,0.0,0.0,13,121,000700
"Census Tract 13, Fulton County, Georgia",2487.0,471.0,205.0,82.0,520.0,430.0,318.0,187.0,258.0,13,121,001300
"Census Tract 38, Fulton County, Georgia",371.0,105.0,22.0,40.0,21.0,58.0,109.0,8.0,8.0,13,121,003800
"Census Tract 40, Fulton County, Georgia",1333.0,1047.0,20.0,116.0,46.0,18.0,42.0,11.0,25.0,13,121,004000
"Census Tract 42, Fulton County, Georgia",1643.0,212.0,44.0,160.0,102.0,55.0,214.0,179.0,677.0,13,121,004200
"Census Tract 49, Fulton County, Georgia",1347.0,802.0,179.0,30.0,23.0,110.0,29.0,19.0,155.0,13,121,004900
"Census Tract 28, Fulton County, Georgia",1767.0,60.0,36.0,0.0,51.0,29.0,58.0,39.0,1494.0,13,121,002800
"Census Tract 48, Fulton County, Georgia",619.0,17.0,22.0,0.0,5.0,8.0,108.0,107.0,352.0,13,121,004800
"Census Tract 53, Fulton County, Georgia",1843.0,1220.0,177.0,111.0,72.0,111.0,40.0,23.0,78.0,13,121,005300
"Census Tract 81.01, Fulton County, Georgia",515.0,492.0,4.0,0.0,0.0,19.0,0.0,0.0,0.0,13,121,008101
"Census Tract 105.10, Fulton County, Georgia",6913.0,4400.0,445.0,0.0,321.0,616.0,629.0,342.0,160.0,13,121,010510
"Census Tract 5, Fulton County, Georgia",3597.0,877.0,170.0,94.0,49.0,130.0,155.0,434.0,1688.0,13,121,000500
"Census Tract 16, Fulton County, Georgia",1550.0,232.0,18.0,56.0,123.0,106.0,137.0,208.0,670.0,13,121,001600
"Census Tract 31, Fulton County, Georgia",1057.0,512.0,107.0,59.0,46.0,0.0,200.0,26.0,95.0,13,121,003100
"Census Tract 55.01, Fulton County, Georgia",1223.0,713.0,9.0,71.0,62.0,72.0,184.0,17.0,83.0,13,121,005501
"Census Tract 57, Fulton County, Georgia",923.0,436.0,5.0,57.0,3.0,40.0,15.0,49.0,318.0,13,121,005700
"Census Tract 60, Fulton County, Georgia",1864.0,1169.0,52.0,80.0,113.0,314.0,120.0,16.0,0.0,13,121,006000
"Census Tract 66.02, Fulton County, Georgia",617.0,303.0,9.0,99.0,64.0,73.0,53.0,16.0,0.0,13,121,006602
"Census Tract 507.09, Gwinnett County, Georgia",4650.0,4059.0,10.0,0.0,0.0,0.0,129.0,38.0,0.0,13,135,050709
"Census Tract 503.14, Gwinnett County, Georgia",3649.0,1883.0,0.0,12.0,11.0,193.0,641.0,509.0,191.0,13,135,050314
"Census Tract 503.15, Gwinnett County, Georgia",2599.0,655.0,200.0,58.0,403.0,402.0,551.0,177.0,153.0,13,135,050315
"Census Tract 504.15, Gwinnett County, Georgia",1545.0,1392.0,107.0,0.0,39.0,0.0,0.0,0.0,0.0,13,135,050415
"Census Tract 504.25, Gwinnett County, Georgia",1889.0,1825.0,0.0,29.0,0.0,0.0,0.0,0.0,15.0,13,135,050425
"Census Tract 504.29, Gwinnett County, Georgia",2418.0,2418.0,0.0,0.0,0.0,0.0,0.0,0.0,0.0,13,135,050429
"Census Tract 501.05, Gwinnett County, Georgia",1656.0,1178.0,38.0,81.0,68.0,13.0,0.0,65.0,0.0,13,135,050105
"Census Tract 502.05, Gwinnett County, Georgia",1751.0,750.0,316.0,11.0,113.0,265.0,163.0,32.0,101.0,13,135,050205
"Census Tract 505.35, Gwinnett County, Georgia",2353.0,2060.0,256.0,37.0,0.0,0.0,0.0,0.0,0.0,13,135,050535
"Census Tract 505.36, Gwinnett County, Georgia",1844.0,1263.0,311.0,170.0,0.0,0.0,31.0,46.0,0.0,13,135,050536
"Census Tract 505.37, Gwinnett County, Georgia",1864.0,227.0,0.0,10.0,60.0,282.0,618.0,353.0,314.0,13,135,050537
"Census Tract 505.38, Gwinnett County, Georgia",2386.0,2372.0,0.0,0.0,0.0,0.0,0.0,0.0,0.0,13,135,050538
"Census Tract 505.39, Gwinnett County, Georgia",1941.0,928.0,234.0,37.0,114.0,136.0,372.0,58.0,62.0,13,135,050539
"Census Tract 505.40, Gwinnett County, Georgia",2757.0,1178.0,118.0,103.0,0.0,339.0,645.0,244.0,121.0,13,135,050540
"Census Tract 505.41, Gwinnett County, Georgia",2195.0,67.0,9.0,0.0,152.0,437.0,857.0,306.0,367.0,13,135,050541
"Census Tract 505.42, Gwinnett County, Georgia",2465.0,245.0,375.0,0.0,58.0,304.0,638.0,429.0,416.0,13,135,050542
"Census Tract 505.43, Gwinnett County, Georgia",2428.0,2125.0,276.0,0.0,11.0,0.0,0.0,0.0,16.0,13,135,050543
"Census Tract 505.44, Gwinnett County, Georgia",4095.0,3805.0,90.0,66.0,116.0,0.0,0.0,0.0,0.0,13,135,050544
"Census Tract 505.47, Gwinnett County, Georgia",2721.0,2687.0,0.0,0.0,0.0,0.0,6.0,0.0,0.0,13,135,050547
"Census Tract 505.48, Gwinnett County, Georgia",3161.0,2986.0,139.0,0.0,17.0,0.0,0.0,0.0,0.0,13,135,050548
"Census Tract 505.45, Gwinnett County, Georgia",4690.0,3840.0,200.0,0.0,0.0,148.0,196.0,285.0,21.0,13,135,050545
"Census Tract 505.46, Gwinnett County, Georgia",5648.0,5465.0,58.0,0.0,0.0,0.0,0.0,0.0,0.0,13,135,050546
"Census Tract 505.49, Gwinnett County, Georgia",1689.0,1650.0,39.0,0.0,0.0,0.0,0.0,0.0,0.0,13,135,050549
"Census Tract 506.05, Gwinnett County, Georgia",4937.0,4395.0,42.0,0.0,29.0,181.0,65.0,25.0,96.0,13,135,050605
"Census Tract 506.06, Gwinnett County, Georgia",7928.0,6306.0,750.0,0.0,42.0,190.0,178.0,68.0,394.0,13,135,050606
"Census Tract 506.07, Gwinnett County, Georgia",5527.0,5478.0,49.0,0.0,0.0,0.0,0.0,0.0,0.0,13,135,050607
"Census Tract 506.08, Gwinnett County, Georgia",6393.0,6227.0,0.0,0.0,96.0,0.0,0.0,0.0,14.0,13,135,050608
"Census Tract 506.09, Gwinnett County, Georgia",4497.0,4169.0,147.0,0.0,0.0,0.0,0.0,0.0,0.0,13,135,050609
"Census Tract 506.10, Gwinnett County, Georgia",5260.0,5260.0,0.0,0.0,0.0,0.0,0.0,0.0,0.0,13,135,050610
"Census Tract 507.22, Gwinnett County, Georgia",1129.0,1102.0,5.0,2.0,0.0,0.0,0.0,0.0,0.0,13,135,050722
"Census Tract 507.23, Gwinnett County, Georgia",2702.0,2651.0,20.0,0.0,0.0,0.0,0.0,0.0,31.0,13,135,050723
"Census Tract 507.24, Gwinnett County, Georgia",6150.0,5165.0,139.0,33.0,0.0,199.0,243.0,118.0,143.0,13,135,050724
"Census Tract 507.25, Gwinnett County, Georgia",2018.0,1885.0,66.0,67.0,0.0,0.0,0.0,0.0,0.0,13,135,050725
"Census Tract 507.26, Gwinnett County, Georgia",3275.0,3261.0,0.0,0.0,0.0,0.0,0.0,0.0,0.0,13,135,050726
"Census Tract 507.27, Gwinnett County, Georgia",3515.0,3495.0,9.0,0.0,0.0,0.0,0.0,0.0,11.0,13,135,050727
"Census Tract 507.28, Gwinnett County, Georgia",5141.0,5018.0,26.0,20.0,0.0,0.0,0.0,0.0,0.0,13,135,050728
"Census Tract 507.29, Gwinnett County, Georgia",1281.0,834.0,0.0,59.0,9.0,242.0,77.0,60.0,0.0,13,135,050729
"Census Tract 507.30, Gwinnett County, Georgia",2403.0,2119.0,33.0,0.0,0.0,0.0,0.0,0.0,0.0,13,135,050730
"Census Tract 507.31, Gwinnett County, Georgia",3595.0,3519.0,55.0,0.0,0.0,0.0,0.0,0.0,0.0,13,135,050731
"Census Tract 502.14, Gwinnett County, Georgia",3436.0,2948.0,247.0,0.0,0.0,0.0,0.0,0.0,166.0,13,135,050214
"Census Tract 502.15, Gwinnett County, Georgia",1211.0,492.0,0.0,0.0,0.0,51.0,338.0,124.0,206.0,13,135,050215
"Census Tract 502.16, Gwinnett County, Georgia",3805.0,2714.0,351.0,0.0,12.0,83.0,136.0,284.0,213.0,13,135,050216
"Census Tract 502.17, Gwinnett County, Georgia",4075.0,2201.0,503.0,0.0,64.0,145.0,520.0,358.0,226.0,13,135,050217
"Census Tract 502.18, Gwinnett County, Georgia",1358.0,1137.0,59.0,68.0,37.0,0.0,18.0,10.0,0.0,13,135,050218
"Census Tract 502.19, Gwinnett County, Georgia",1461.0,767.0,268.0,67.0,61.0,86.0,81.0,83.0,35.0,13,135,050219
"Census Tract 502.20, Gwinnett County, Georgia",3108.0,543.0,188.0,0.0,167.0,451.0,955.0,406.0,398.0,13,135,050220
"Census Tract 503.17, Gwinnett County, Georgia",2058.0,26.0,147.0,48.0,403.0,685.0,488.0,218.0,43.0,13,135,050317
"Census Tract 503.18, Gwinnett County, Georgia",1277.0,63.0,201.0,42.0,180.0,306.0,379.0,80.0,26.0,13,135,050318
"Census Tract 503.20, Gwinnett County, Georgia",1807.0,974.0,41.0,55.0,8.0,224.0,360.0,120.0,25.0,13,135,050320
"Census Tract 503.19, Gwinnett County, Georgia",1964.0,618.0,569.0,175.0,201.0,215.0,103.0,20.0,63.0,13,135,050319
"Census Tract 503.08, Gwinnett County, Georgia",1314.0,1308.0,0.0,0.0,0.0,0.0,0.0,0.0,0.0,13,135,050308
"Census Tract 504.17, Gwinnett County, Georgia",2158.0,703.0,187.0,10.0,65.0,277.0,462.0,172.0,282.0,13,135,050417
"Census Tract 504.27, Gwinnett County, Georgia",2017.0,1915.0,0.0,28.0,4.0,0.0,0.0,0.0,70.0,13,135,050427
"Census Tract 507.13, Gwinnett County, Georgia",2435.0,2364.0,0.0,0.0,0.0,0.0,0.0,0.0,0.0,13,135,050713
"Census Tract 507.19, Gwinnett County, Georgia",2032.0,1224.0,206.0,158.0,410.0,22.0,0.0,0.0,0.0,13,135,050719
"Census Tract 501.03, Gwinnett County, Georgia",4012.0,3269.0,163.0,0.0,27.0,23.0,0.0,0.0,0.0,13,135,050103
"Census Tract 503.13, Gwinnett County, Georgia",2850.0,2214.0,285.0,50.0,25.0,149.0,84.0,15.0,28.0,13,135,050313
"Census Tract 504.16, Gwinnett County, Georgia",1250.0,969.0,12.0,0.0,9.0,17.0,0.0,0.0,0.0,13,135,050416
"Census Tract 504.18, Gwinnett County, Georgia",2826.0,659.0,126.0,29.0,137.0,465.0,720.0,420.0,254.0,13,135,050418
"Census Tract 504.22, Gwinnett County, Georgia",2490.0,1160.0,286.0,259.0,149.0,169.0,305.0,110.0,52.0,13,135,050422
"Census Tract 504.24, Gwinnett County, Georgia",2587.0,1130.0,291.0,0.0,114.0,153.0,648.0,199.0,36.0,13,135,050424
"Census Tract 505.20, Gwinnett County, Georgia",2121.0,800.0,216.0,379.0,154.0,141.0,221.0,69.0,103.0,13,135,050520
"Census Tract 505.21, Gwinnett County, Georgia",2090.0,1242.0,122.0,416.0,76.0,77.0,97.0,0.0,51.0,13,135,050521
"Census Tract 507.15, Gwinnett County, Georgia",1779.0,1745.0,0.0,0.0,0.0,0.0,0.0,0.0,0.0,13,135,050715
"Census Tract 503.10, Gwinnett County, Georgia",2790.0,904.0,1115.0,20.0,294.0,319.0,102.0,18.0,0.0,13,135,050310
"Census Tract 507.21, Gwinnett County, Georgia",2895.0,2855.0,0.0,21.0,0.0,0.0,19.0,0.0,0.0,13,135,050721
"Census Tract 503.11, Gwinnett County, Georgia",1135.0,847.0,250.0,8.0,0.0,13.0,0.0,0.0,0.0,13,135,050311
"Census Tract 504.19, Gwinnett County, Georgia",2579.0,1361.0,327.0,26.0,48.0,198.0,358.0,156.0,105.0,13,135,050419
"Census Tract 503.09, Gwinnett County, Georgia",3734.0,2477.0,299.0,64.0,140.0,35.0,565.0,51.0,92.0,13,135,050309
"Census Tract 504.30, Gwinnett County, Georgia",2082.0,1579.0,30.0,25.0,11.0,122.0,145.0,87.0,44.0,13,135,050430
"Census Tract 507.14, Gwinnett County, Georgia",2161.0,1766.0,81.0,19.0,22.0,93.0,138.0,34.0,0.0,13,135,050714
"Census Tract 507.18, Gwinnett County, Georgia",2756.0,2701.0,55.0,0.0,0.0,0.0,0.0,0.0,0.0,13,135,050718
"Census Tract 501.06, Gwinnett County, Georgia",4156.0,2397.0,333.0,69.0,14.0,143.0,226.0,136.0,501.0,13,135,050106
"Census Tract 504.21, Gwinnett County, Georgia",2792.0,898.0,306.0,202.0,13.0,270.0,593.0,118.0,136.0,13,135,050421
"Census Tract 504.23, Gwinnett County, Georgia",2585.0,1495.0,297.0,0.0,153.0,172.0,379.0,89.0,0.0,13,135,050423
"Census Tract 505.11, Gwinnett County, Georgia",4242.0,2171.0,549.0,0.0,69.0,178.0,383.0,249.0,376.0,13,135,050511
"Census Tract 501.07, Gwinnett County, Georgia",2648.0,2495.0,144.0,0.0,9.0,0.0,0.0,0.0,0.0,13,135,050107
"Census Tract 501.08, Gwinnett County, Georgia",3263.0,3229.0,0.0,0.0,0.0,0.0,0.0,0.0,0.0,13,135,050108
"Census Tract 501.09, Gwinnett County, Georgia",2594.0,2065.0,56.0,86.0,7.0,85.0,65.0,63.0,86.0,13,135,050109
"Census Tract 502.08, Gwinnett County, Georgia",2952.0,1125.0,656.0,102.0,0.0,68.0,250.0,352.0,399.0,13,135,050208
"Census Tract 502.09, Gwinnett County, Georgia",3516.0,2087.0,258.0,15.0,0.0,177.0,458.0,319.0,202.0,13,135,050209
"Census Tract 502.10, Gwinnett County, Georgia",3492.0,1497.0,443.0,19.0,0.0,317.0,528.0,196.0,492.0,13,135,050210
"Census Tract 502.11, Gwinnett County, Georgia",2166.0,439.0,223.0,53.0,19.0,474.0,489.0,162.0,295.0,13,135,050211
"Census Tract 502.12, Gwinnett County, Georgia",4162.0,3837.0,325.0,0.0,0.0,0.0,0.0,0.0,0.0,13,135,050212
"Census Tract 502.13, Gwinnett County, Georgia",3949.0,3798.0,99.0,0.0,0.0,0.0,0.0,0.0,17.0,13,135,050213
"Census Tract 503.21, Gwinnett County, Georgia",1646.0,1576.0,31.0,10.0,0.0,0.0,0.0,0.0,29.0,13,135,050321
"Census Tract 503.22, Gwinnett County, Georgia",1659.0,1634.0,13.0,0.0,0.0,0.0,0.0,0.0,0.0,13,135,050322
"Census Tract 504.31, Gwinnett County, Georgia",3146.0,1141.0,99.0,188.0,55.0,274.0,776.0,382.0,50.0,13,135,050431
"Census Tract 504.32, Gwinnett County, Georgia",2049.0,1818.0,201.0,0.0,9.0,14.0,0.0,0.0,0.0,13,135,050432
"Census Tract 504.33, Gwinnett County, Georgia",1076.0,447.0,19.0,34.0,24.0,186.0,181.0,142.0,43.0,13,135,050433
"Census Tract 504.34, Gwinnett County, Georgia",2850.0,788.0,220.0,48.0,387.0,508.0,407.0,267.0,211.0,13,135,050434
"Census Tract 504.35, Gwinnett County, Georgia",1157.0,741.0,86.0,0.0,24.0,83.0,72.0,22.0,104.0,13,135,050435
"Census Tract 504.36, Gwinnett County, Georgia",2797.0,1664.0,23.0,114.0,16.0,243.0,249.0,97.0,187.0,13,135,050436
"Census Tract 505.25, Gwinnett County, Georgia",2803.0,2551.0,190.0,0.0,0.0,44.0,0.0,0.0,0.0,13,135,050525
"Census Tract 505.26, Gwinnett County, Georgia",1899.0,709.0,154.0,6.0,50.0,270.0,476.0,181.0,24.0,13,135,050526
"Census Tract 505.27, Gwinnett County, Georgia",1914.0,1851.0,42.0,0.0,0.0,0.0,0.0,0.0,0.0,13,135,050527
"Census Tract 505.23, Gwinnett County, Georgia",3080.0,1034.0,288.0,0.0,56.0,208.0,536.0,299.0,511.0,13,135,050523
"Census Tract 505.24, Gwinnett County, Georgia",2184.0,1174.0,346.0,30.0,28.0,252.0,165.0,47.0,135.0,13,135,050524
"Census Tract 505.28, Gwinnett County, Georgia",1649.0,1640.0,9.0,0.0,0.0,0.0,0.0,0.0,0.0,13,135,050528
"Census Tract 505.29, Gwinnett County, Georgia",1450.0,1085.0,248.0,100.0,0.0,17.0,0.0,0.0,0.0,13,135,050529
"Census Tract 505.30, Gwinnett County, Georgia",1994.0,1600.0,360.0,11.0,0.0,11.0,0.0,0.0,0.0,13,135,050530
"Census Tract 505.31, Gwinnett County, Georgia",2558.0,2134.0,157.0,0.0,0.0,95.0,93.0,55.0,24.0,13,135,050531
"Census Tract 505.32, Gwinnett County, Georgia",2923.0,2210.0,461.0,48.0,30.0,33.0,111.0,13.0,17.0,13,135,050532
"Census Tract 505.33, Gwinnett County, Georgia",2527.0,2122.0,215.0,190.0,0.0,0.0,0.0,0.0,0.0,13,135,050533
"Census Tract 505.34, Gwinnett County, Georgia",2722.0,1803.0,150.0,0.0,14.0,130.0,312.0,190.0,79.0,13,135,050534
"Census Tract 505.22, Gwinnett County, Georgia",1875.0,954.0,165.0,295.0,37.0,70.0,119.0,43.0,192.0,13,135,050522
"Census Tract 507.20, Gwinnett County, Georgia",2437.0,2398.0,15.0,0.0,0.0,0.0,0.0,0.0,24.0,13,135,050720
"Census Tract 503.04, Gwinnett County, Georgia",2457.0,689.0,141.0,110.0,148.0,331.0,574.0,216.0,239.0,13,135,050304
"Census Tract 503.06, Gwinnett County, Georgia",1120.0,817.0,26.0,0.0,33.0,78.0,0.0,16.0,104.0,13,135,050306
"Census Tract 504.26, Gwinnett County, Georgia",2378.0,2354.0,0.0,0.0,0.0,0.0,0.0,0.0,0.0,13,135,050426
"Census Tract 507.12, Gwinnett County, Georgia",2544.0,2424.0,33.0,0.0,0.0,0.0,0.0,0.0,87.0,13,135,050712
"Census Tract 504.10, Gwinnett County, Georgia",1952.0,1278.0,15.0,117.0,177.0,98.0,159.0,66.0,9.0,13,135,050410
"Census Tract 504.28, Gwinnett County, Georgia",2005.0,1975.0,13.0,0.0,0.0,0.0,0.0,0.0,0.0,13,135,050428
"Census Tract 403.02, Clayton County, Georgia",2213.0,1310.0,47.0,77.0,237.0,366.0,130.0,34.0,0.0,13,063,040302
"Census Tract 403.03, Clayton County, Georgia",2726.0,1678.0,146.0,187.0,193.0,260.0,184.0,0.0,21.0,13,063,040303
"Census Tract 405.10, Clayton County, Georgia",1520.0,892.0,0.0,0.0,12.0,285.0,286.0,37.0,0.0,13,063,040510
"Census Tract 405.16, Clayton County, Georgia",2465.0,2045.0,174.0,0.0,7.0,142.0,97.0,0.0,0.0,13,063,040516
"Census Tract 406.14, Clayton County, Georgia",1991.0,1793.0,0.0,0.0,21.0,0.0,0.0,16.0,153.0,13,063,040614
"Census Tract 402.02, Clayton County, Georgia",1036.0,509.0,81.0,38.0,5.0,66.0,183.0,151.0,3.0,13,063,040202
"Census Tract 404.13, Clayton County, Georgia",2708.0,2112.0,222.0,42.0,0.0,0.0,95.0,0.0,0.0,13,063,040413
"Census Tract 404.11, Clayton County, Georgia",4808.0,4634.0,81.0,0.0,0.0,0.0,0.0,0.0,0.0,13,063,040411
"Census Tract 404.12, Clayton County, Georgia",3401.0,1342.0,356.0,0.0,120.0,868.0,464.0,153.0,98.0,13,063,040412
"Census Tract 405.14, Clayton County, Georgia",2894.0,1428.0,302.0,76.0,55.0,241.0,206.0,216.0,18.0,13,063,040514
"Census Tract 405.12, Clayton County, Georgia",2189.0,1391.0,61.0,33.0,183.0,284.0,70.0,142.0,25.0,13,063,040512
"Census Tract 406.13, Clayton County, Georgia",3001.0,2738.0,27.0,21.0,107.0,35.0,53.0,6.0,0.0,13,063,040613
"Census Tract 405.15, Clayton County, Georgia",2929.0,1458.0,477.0,10.0,100.0,254.0,576.0,43.0,11.0,13,063,040515
"Census Tract 406.11, Clayton County, Georgia",2675.0,1036.0,48.0,22.0,131.0,288.0,497.0,107.0,128.0,13,063,040611
"Census Tract 403.08, Clayton County, Georgia",1925.0,1186.0,96.0,11.0,29.0,165.0,91.0,147.0,171.0,13,063,040308
"Census Tract 406.12, Clayton County, Georgia",2247.0,1522.0,132.0,73.0,76.0,325.0,63.0,10.0,38.0,13,063,040612
"Census Tract 404.09, Clayton County, Georgia",2102.0,1755.0,52.0,32.0,103.0,118.0,16.0,0.0,0.0,13,063,040409
"Census Tract 404.10, Clayton County, Georgia",2639.0,2064.0,22.0,52.0,133.0,140.0,37.0,0.0,0.0,13,063,040410
"Census Tract 405.09, Clayton County, Georgia",1808.0,1424.0,279.0,21.0,41.0,33.0,0.0,0.0,0.0,13,063,040509
"Census Tract 404.07, Clayton County, Georgia",1426.0,1259.0,80.0,0.0,0.0,70.0,0.0,0.0,0.0,13,063,040407
"Census Tract 405.18, Clayton County, Georgia",1882.0,1430.0,13.0,75.0,26.0,137.0,121.0,20.0,20.0,13,063,040518
"Census Tract 406.06, Clayton County, Georgia",1231.0,707.0,117.0,0.0,29.0,0.0,25.0,0.0,0.0,13,063,040606
"Census Tract 406.08, Clayton County, Georgia",4517.0,4005.0,215.0,0.0,55.0,0.0,46.0,164.0,32.0,13,063,040608
"Census Tract 406.09, Clayton County, Georgia",2541.0,1730.0,103.0,160.0,38.0,98.0,197.0,94.0,79.0,13,063,040609
"Census Tract 405.13, Clayton County, Georgia",1758.0,1758.0,0.0,0.0,0.0,0.0,0.0,0.0,0.0,13,063,040513
"Census Tract 404.08, Clayton County, Georgia",2733.0,1487.0,68.0,17.0,339.0,482.0,125.0,193.0,7.0,13,063,040408
"Census Tract 402.03, Clayton County, Georgia",1827.0,815.0,241.0,56.0,105.0,486.0,72.0,11.0,30.0,13,063,040203
"Census Tract 402.04, Clayton County, Georgia",2113.0,748.0,66.0,33.0,156.0,402.0,135.0,474.0,65.0,13,063,040204
"Census Tract 403.06, Clayton County, Georgia",1592.0,216.0,8.0,27.0,193.0,655.0,245.0,84.0,78.0,13,063,040306
"Census Tract 403.07, Clayton County, Georgia",1680.0,1530.0,14.0,0.0,46.0,18.0,62.0,0.0,0.0,13,063,040307
"Census Tract 404.14, Clayton County, Georgia",668.0,465.0,0.0,0.0,0.0,22.0,66.0,105.0,10.0,13,063,040414
"Census Tract 404.15, Clayton County, Georgia",2742.0,675.0,56.0,101.0,133.0,887.0,572.0,202.0,16.0,13,063,040415
"Census Tract 404.16, Clayton County, Georgia",1200.0,906.0,134.0,0.0,0.0,153.0,0.0,0.0,0.0,13,063,040416
"Census Tract 404.17, Clayton County, Georgia",2291.0,458.0,323.0,28.0,249.0,799.0,234.0,90.0,80.0,13,063,040417
"Census Tract 405.19, Clayton County, Georgia",2489.0,54.0,41.0,39.0,319.0,953.0,726.0,238.0,119.0,13,063,040519
"Census Tract 405.20, Clayton County, Georgia",2050.0,356.0,194.0,68.0,42.0,667.0,493.0,120.0,100.0,13,063,040520
"Census Tract 405.21, Clayton County, Georgia",1223.0,908.0,139.0,0.0,13.0,124.0,30.0,9.0,0.0,13,063,040521
"Census Tract 405.22, Clayton County, Georgia",2064.0,1043.0,144.0,98.0,94.0,359.0,111.0,120.0,75.0,13,063,040522
"Census Tract 405.23, Clayton County, Georgia",1163.0,729.0,43.0,32.0,78.0,111.0,115.0,22.0,33.0,13,063,040523
"Census Tract 405.24, Clayton County, Georgia",2823.0,1777.0,124.0,15.0,188.0,302.0,301.0,107.0,0.0,13,063,040524
"Census Tract 405.25, Clayton County, Georgia",1104.0,990.0,45.0,0.0,22.0,15.0,18.0,0.0,6.0,13,063,040525
"Census Tract 405.26, Clayton County, Georgia",2505.0,2160.0,69.0,11.0,73.0,68.0,124.0,0.0,0.0,13,063,040526
"Census Tract 406.15, Clayton County, Georgia",690.0,680.0,0.0,0.0,0.0,0.0,0.0,0.0,10.0,13,063,040615
"Census Tract 406.16, Clayton County, Georgia",3422.0,1245.0,0.0,18.0,102.0,617.0,802.0,470.0,168.0,13,063,040616
"Census Tract 406.17, Clayton County, Georgia",436.0,5.0,12.0,0.0,0.0,0.0,0.0,0.0,0.0,13,063,040617
"Census Tract 406.19, Clayton County, Georgia",844.0,829.0,0.0,0.0,0.0,9.0,0.0,0.0,0.0,13,063,040619
"Census Tract 406.20, Clayton County, Georgia",1459.0,1459.0,0.0,0.0,0.0,0.0,0.0,0.0,0.0,13,063,040620
"Census Tract 406.21, Clayton County, Georgia",3339.0,3091.0,29.0,0.0,0.0,0.0,0.0,161.0,58.0,13,063,040621
"Census Tract 406.22, Clayton County, Georgia",2504.0,1715.0,37.0,0.0,0.0,0.0,0.0,0.0,0.0,13,063,040622
"Census Tract 9800, Clayton County, Georgia",0.0,0.0,0.0,0.0,0.0,0.0,0.0,0.0,0.0,13,063,980000
"Census Tract 701.07, Henry County, Georgia",2526.0,2475.0,30.0,0.0,0.0,21.0,0.0,0.0,0.0,13,151,070107
"Census Tract 701.08, Henry County, Georgia",1985.0,1664.0,30.0,99.0,0.0,0.0,0.0,0.0,0.0,13,151,070108
"Census Tract 701.09, Henry County, Georgia",1285.0,1285.0,0.0,0.0,0.0,0.0,0.0,0.0,0.0,13,151,070109
"Census Tract 701.10, Henry County, Georgia",2777.0,2654.0,19.0,0.0,19.0,0.0,67.0,0.0,0.0,13,151,070110
"Census Tract 701.11, Henry County, Georgia",3573.0,2943.0,0.0,23.0,122.0,46.0,133.0,253.0,37.0,13,151,070111
"Census Tract 701.13, Henry County, Georgia",1709.0,1208.0,88.0,0.0,11.0,35.0,7.0,0.0,0.0,13,151,070113
"Census Tract 702.04, Henry County, Georgia",1683.0,1543.0,19.0,0.0,0.0,0.0,10.0,0.0,0.0,13,151,070204
"Census Tract 703.07, Henry County, Georgia",1639.0,1490.0,109.0,0.0,19.0,15.0,0.0,0.0,6.0,13,151,070307
"Census Tract 703.10, Henry County, Georgia",1850.0,1677.0,72.0,0.0,8.0,93.0,0.0,0.0,0.0,13,151,070310
"Census Tract 703.11, Henry County, Georgia",4778.0,1733.0,516.0,111.0,513.0,724.0,272.0,600.0,79.0,13,151,070311
"Census Tract 704.03, Henry County, Georgia",4032.0,3641.0,13.0,0.0,0.0,0.0,0.0,0.0,0.0,13,151,070403
"Census Tract 704.04, Henry County, Georgia",3383.0,2619.0,82.0,22.0,0.0,52.0,35.0,260.0,154.0,13,151,070404
"Census Tract 705.01, Henry County, Georgia",2483.0,1916.0,0.0,30.0,11.0,0.0,0.0,0.0,21.0,13,151,070501
"Census Tract 701.14, Henry County, Georgia",2656.0,804.0,0.0,17.0,69.0,306.0,476.0,726.0,194.0,13,151,070114
"Census Tract 703.04, Henry County, Georgia",4139.0,2705.0,151.0,154.0,93.0,212.0,112.0,668.0,32.0,13,151,070304
"Census Tract 701.06, Henry County, Georgia",2229.0,1991.0,11.0,0.0,8.0,0.0,0.0,0.0,0.0,13,151,070106
"Census Tract 703.06, Henry County, Georgia",4134.0,3001.0,33.0,0.0,73.0,205.0,340.0,329.0,153.0,13,151,070306
"Census Tract 702.03, Henry County, Georgia",5582.0,5479.0,11.0,0.0,0.0,0.0,0.0,0.0,45.0,13,151,070203
"Census Tract 703.05, Henry County, Georgia",3569.0,3432.0,6.0,0.0,0.0,0.0,85.0,0.0,0.0,13,151,070305
"Census Tract 704.02, Henry County, Georgia",4233.0,4216.0,17.0,0.0,0.0,0.0,0.0,0.0,0.0,13,151,070402
"Census Tract 701.04, Henry County, Georgia",5082.0,3983.0,59.0,30.0,237.0,34.0,394.0,345.0,0.0,13,151,070104
"Census Tract 702.02, Henry County, Georgia",3917.0,3917.0,0.0,0.0,0.0,0.0,0.0,0.0,0.0,13,151,070202
"Census Tract 702.05, Henry County, Georgia",4150.0,3200.0,0.0,0.0,17.0,107.0,253.0,222.0,90.0,13,151,070205
"Census Tract 703.09, Henry County, Georgia",2621.0,2592.0,15.0,0.0,0.0,0.0,0.0,0.0,0.0,13,151,070309
"Census Tract 705.02, Henry County, Georgia",5413.0,4997.0,83.0,101.0,21.0,55.0,60.0,66.0,0.0,13,151,070502
"Census Tract 1206.05, Paulding County, Georgia",2042.0,1850.0,0.0,54.0,0.0,0.0,0.0,0.0,0.0,13,223,120605
"Census Tract 1201.01, Paulding County, Georgia",4911.0,4897.0,14.0,0.0,0.0,0.0,0.0,0.0,0.0,13,223,120101
"Census Tract 1201.02, Paulding County, Georgia",4351.0,4222.0,0.0,0.0,0.0,0.0,0.0,0.0,0.0,13,223,120102
"Census Tract 1201.03, Paulding County, Georgia",3853.0,3661.0,20.0,0.0,0.0,0.0,0.0,0.0,0.0,13,223,120103
"Census Tract 1201.04, Paulding County, Georgia",1098.0,1048.0,7.0,0.0,9.0,10.0,2.0,0.0,0.0,13,223,120104
"Census Tract 1202.03, Paulding County, Georgia",1922.0,1801.0,18.0,50.0,0.0,0.0,0.0,0.0,0.0,13,223,120203
"Census Tract 1202.04, Paulding County, Georgia",2843.0,2363.0,25.0,70.0,246.0,76.0,42.0,0.0,21.0,13,223,120204
"Census Tract 1203.01, Paulding County, Georgia",2614.0,2045.0,23.0,65.0,38.0,28.0,45.0,217.0,89.0,13,223,120301
"Census Tract 1203.02, Paulding County, Georgia",5202.0,3884.0,113.0,95.0,18.0,500.0,156.0,67.0,43.0,13,223,120302
"Census Tract 1203.03, Paulding County, Georgia",639.0,617.0,0.0,0.0,0.0,0.0,0.0,0.0,0.0,13,223,120303
"Census Tract 1205.01, Paulding County, Georgia",2839.0,2363.0,334.0,0.0,74.0,0.0,0.0,0.0,0.0,13,223,120501
"Census Tract 1205.02, Paulding County, Georgia",3324.0,3076.0,40.0,0.0,0.0,0.0,16.0,0.0,0.0,13,223,120502
"Census Tract 1205.03, Paulding County, Georgia",1834.0,1721.0,21.0,11.0,0.0,0.0,0.0,0.0,0.0,13,223,120503
"Census Tract 1206.01, Paulding County, Georgia",1754.0,1699.0,0.0,0.0,0.0,0.0,0.0,0.0,0.0,13,223,120601
"Census Tract 1206.02, Paulding County, Georgia",3476.0,3397.0,34.0,0.0,0.0,0.0,0.0,0.0,0.0,13,223,120602
"Census Tract 1202.02, Paulding County, Georgia",3037.0,2722.0,181.0,13.0,72.0,0.0,0.0,0.0,0.0,13,223,120202
"Census Tract 1204, Paulding County, Georgia",6588.0,6115.0,22.0,0.0,0.0,0.0,0.0,0.0,0.0,13,223,120400
"Census Tract 1206.04, Paulding County, Georgia",1894.0,1856.0,0.0,0.0,0.0,0.0,0.0,0.0,0.0,13,223,120604
"Census Tract 1206.03, Paulding County, Georgia",2433.0,1856.0,17.0,0.0,0.0,260.0,57.0,81.0,85.0,13,223,120603
